year,age_group,age_order,media_type,percentage,proportion,sample_n,respondent_n,is_net,question,recall_period,source_media_label,comparability_note,source_report,source_sheet,source_cell
2017,18-24,1,NET Online subscription and pay-per-view,51.09848951,0.51098489511,136,74,1,QF4,Past 7 days,"NET online (subscription, pay-per-view)",Check source questionnaire for historical changes,How we watch and listen to content data tables.xlsx,QF4. Which of by PBI BANNER,B7
2018,18-24,1,NET Online subscription and pay-per-view,58.55984347,0.585598434719,108,65,1,QF4,Past 7 days,"NET online (subscription, pay-per-view)",Check source questionnaire for historical changes,How we watch and listen to content data tables.xlsx,QF4. Which of by PBI BANNER,C7
2019,18-24,1,NET Online subscription and pay-per-view,72.68750214,0.7268750213788,91,70,1,QF4,Past 7 days,"NET online (subscription, pay-per-view)",Check source questionnaire for historical changes,How we watch and listen to content data tables.xlsx,QF4. Which of by PBI BANNER,D7
2020,18-24,1,NET Online subscription and pay-per-view,65.03802271,0.6503802271365999,81,50,1,QF4,Past 7 days,"NET online (subscription, pay-per-view)",Check source questionnaire for historical changes,How we watch and listen to content data tables.xlsx,QF4. Which of by PBI BANNER,E7
2021,18-24,1,NET Online subscription and pay-per-view,65.50154583,0.6550154582642,151,105,1,QF4,Past 7 days,"NET online (subscription, pay-per-view)",Check source questionnaire for historical changes,How we watch and listen to content data tables.xlsx,QF4. Which of by PBI BANNER,F7
2022,18-24,1,NET Online subscription and pay-per-view,63.05201297,0.630520129742,140,92,1,QF4,Past 7 days,"NET online (subscription, pay-per-view)",Check source questionnaire for historical changes,How we watch and listen to content data tables.xlsx,QF4. Which of by PBI BANNER,G7
2023,18-24,1,NET Online subscription and pay-per-view,71.20547786,0.7120547785857001,171,125,1,QF4,Past 7 days,"NET online (subscription, pay-per-view)",Check source questionnaire for historical changes,How we watch and listen to content data tables.xlsx,QF4. Which of by PBI BANNER,H7
2024,18-24,1,NET Online subscription and pay-per-view,76.97522338,0.7697522338410999,194,154,1,QF4,Past 7 days,"NET online (subscription, pay-per-view)",Check source questionnaire for historical changes,How we watch and listen to content data tables.xlsx,QF4. Which of by PBI BANNER,I7
2025,18-24,1,NET Online subscription and pay-per-view,72.39480132,0.7239480132235999,525,385,1,QF4,Past 7 days,"NET online (subscription, pay-per-view)",Check source questionnaire for historical changes,How we watch and listen to content data tables.xlsx,QF4. Which of by PBI BANNER,J7
2017,25-34,2,NET Online subscription and pay-per-view,49.96566016,0.499656601601,292,148,1,QF4,Past 7 days,"NET online (subscription, pay-per-view)",Check source questionnaire for historical changes,How we watch and listen to content data tables.xlsx,QF4. Which of by PBI BANNER,K7
2018,25-34,2,NET Online subscription and pay-per-view,63.85862361,0.6385862360873,251,157,1,QF4,Past 7 days,"NET online (subscription, pay-per-view)",Check source questionnaire for historical changes,How we watch and listen to content data tables.xlsx,QF4. Which of by PBI BANNER,L7
2019,25-34,2,NET Online subscription and pay-per-view,69.77215697,0.6977215696721,254,187,1,QF4,Past 7 days,"NET online (subscription, pay-per-view)",Check source questionnaire for historical changes,How we watch and listen to content data tables.xlsx,QF4. Which of by PBI BANNER,M7
2020,25-34,2,NET Online subscription and pay-per-view,65.94292038,0.6594292037709999,265,181,1,QF4,Past 7 days,"NET online (subscription, pay-per-view)",Check source questionnaire for historical changes,How we watch and listen to content data tables.xlsx,QF4. Which of by PBI BANNER,N7
2021,25-34,2,NET Online subscription and pay-per-view,69.52325008,0.6952325007704,474,350,1,QF4,Past 7 days,"NET online (subscription, pay-per-view)",Check source questionnaire for historical changes,How we watch and listen to content data tables.xlsx,QF4. Which of by PBI BANNER,O7
2022,25-34,2,NET Online subscription and pay-per-view,68.93294636,0.6893294635731,399,279,1,QF4,Past 7 days,"NET online (subscription, pay-per-view)",Check source questionnaire for historical changes,How we watch and listen to content data tables.xlsx,QF4. Which of by PBI BANNER,P7
2023,25-34,2,NET Online subscription and pay-per-view,78.20424002,0.7820424002026001,458,365,1,QF4,Past 7 days,"NET online (subscription, pay-per-view)",Check source questionnaire for historical changes,How we watch and listen to content data tables.xlsx,QF4. Which of by PBI BANNER,Q7
2024,25-34,2,NET Online subscription and pay-per-view,78.38001614,0.783800161428,487,387,1,QF4,Past 7 days,"NET online (subscription, pay-per-view)",Check source questionnaire for historical changes,How we watch and listen to content data tables.xlsx,QF4. Which of by PBI BANNER,R7
2025,25-34,2,NET Online subscription and pay-per-view,76.73202498,0.7673202497875999,1024,798,1,QF4,Past 7 days,"NET online (subscription, pay-per-view)",Check source questionnaire for historical changes,How we watch and listen to content data tables.xlsx,QF4. Which of by PBI BANNER,S7
2017,35-44,3,NET Online subscription and pay-per-view,37.81526832,0.3781526832201,317,121,1,QF4,Past 7 days,"NET online (subscription, pay-per-view)",Check source questionnaire for historical changes,How we watch and listen to content data tables.xlsx,QF4. Which of by PBI BANNER,T7
2018,35-44,3,NET Online subscription and pay-per-view,49.14125655,0.4914125655292,269,136,1,QF4,Past 7 days,"NET online (subscription, pay-per-view)",Check source questionnaire for historical changes,How we watch and listen to content data tables.xlsx,QF4. Which of by PBI BANNER,U7
2019,35-44,3,NET Online subscription and pay-per-view,63.34987987,0.6334987987038,299,190,1,QF4,Past 7 days,"NET online (subscription, pay-per-view)",Check source questionnaire for historical changes,How we watch and listen to content data tables.xlsx,QF4. Which of by PBI BANNER,V7
2020,35-44,3,NET Online subscription and pay-per-view,64.30782859,0.6430782859262,308,205,1,QF4,Past 7 days,"NET online (subscription, pay-per-view)",Check source questionnaire for historical changes,How we watch and listen to content data tables.xlsx,QF4. Which of by PBI BANNER,W7
2021,35-44,3,NET Online subscription and pay-per-view,66.1311932,0.6613119319549,580,398,1,QF4,Past 7 days,"NET online (subscription, pay-per-view)",Check source questionnaire for historical changes,How we watch and listen to content data tables.xlsx,QF4. Which of by PBI BANNER,X7
2022,35-44,3,NET Online subscription and pay-per-view,67.27219484,0.672721948403,558,385,1,QF4,Past 7 days,"NET online (subscription, pay-per-view)",Check source questionnaire for historical changes,How we watch and listen to content data tables.xlsx,QF4. Which of by PBI BANNER,Y7
2023,35-44,3,NET Online subscription and pay-per-view,74.09631987,0.7409631986748001,557,427,1,QF4,Past 7 days,"NET online (subscription, pay-per-view)",Check source questionnaire for historical changes,How we watch and listen to content data tables.xlsx,QF4. Which of by PBI BANNER,Z7
2024,35-44,3,NET Online subscription and pay-per-view,75.02831942,0.7502831941739,670,523,1,QF4,Past 7 days,"NET online (subscription, pay-per-view)",Check source questionnaire for historical changes,How we watch and listen to content data tables.xlsx,QF4. Which of by PBI BANNER,AA7
2025,35-44,3,NET Online subscription and pay-per-view,74.00082459,0.7400082458893,1265,957,1,QF4,Past 7 days,"NET online (subscription, pay-per-view)",Check source questionnaire for historical changes,How we watch and listen to content data tables.xlsx,QF4. Which of by PBI BANNER,AB7
2017,45-54,4,NET Online subscription and pay-per-view,25.86531335,0.2586531334991,386,113,1,QF4,Past 7 days,"NET online (subscription, pay-per-view)",Check source questionnaire for historical changes,How we watch and listen to content data tables.xlsx,QF4. Which of by PBI BANNER,AC7
2018,45-54,4,NET Online subscription and pay-per-view,33.89309223,0.3389309223256,369,142,1,QF4,Past 7 days,"NET online (subscription, pay-per-view)",Check source questionnaire for historical changes,How we watch and listen to content data tables.xlsx,QF4. Which of by PBI BANNER,AD7
2019,45-54,4,NET Online subscription and pay-per-view,49.84326154,0.4984326153512,370,199,1,QF4,Past 7 days,"NET online (subscription, pay-per-view)",Check source questionnaire for historical changes,How we watch and listen to content data tables.xlsx,QF4. Which of by PBI BANNER,AE7
2020,45-54,4,NET Online subscription and pay-per-view,61.42900711,0.6142900711029,311,202,1,QF4,Past 7 days,"NET online (subscription, pay-per-view)",Check source questionnaire for historical changes,How we watch and listen to content data tables.xlsx,QF4. Which of by PBI BANNER,AF7
2021,45-54,4,NET Online subscription and pay-per-view,66.73062129,0.6673062129151001,580,388,1,QF4,Past 7 days,"NET online (subscription, pay-per-view)",Check source questionnaire for historical changes,How we watch and listen to content data tables.xlsx,QF4. Which of by PBI BANNER,AG7
2022,45-54,4,NET Online subscription and pay-per-view,67.12560731,0.6712560730831,579,400,1,QF4,Past 7 days,"NET online (subscription, pay-per-view)",Check source questionnaire for historical changes,How we watch and listen to content data tables.xlsx,QF4. Which of by PBI BANNER,AH7
2023,45-54,4,NET Online subscription and pay-per-view,69.95122977,0.699512297717,605,442,1,QF4,Past 7 days,"NET online (subscription, pay-per-view)",Check source questionnaire for historical changes,How we watch and listen to content data tables.xlsx,QF4. Which of by PBI BANNER,AI7
2024,45-54,4,NET Online subscription and pay-per-view,76.78627288,0.7678627287556,615,468,1,QF4,Past 7 days,"NET online (subscription, pay-per-view)",Check source questionnaire for historical changes,How we watch and listen to content data tables.xlsx,QF4. Which of by PBI BANNER,AJ7
2025,45-54,4,NET Online subscription and pay-per-view,74.8162065,0.7481620650281,977,721,1,QF4,Past 7 days,"NET online (subscription, pay-per-view)",Check source questionnaire for historical changes,How we watch and listen to content data tables.xlsx,QF4. Which of by PBI BANNER,AK7
2017,55-64,5,NET Online subscription and pay-per-view,17.14179109,0.1714179109025,500,99,1,QF4,Past 7 days,"NET online (subscription, pay-per-view)",Check source questionnaire for historical changes,How we watch and listen to content data tables.xlsx,QF4. Which of by PBI BANNER,AL7
2018,55-64,5,NET Online subscription and pay-per-view,24.89115888,0.2489115887579,434,127,1,QF4,Past 7 days,"NET online (subscription, pay-per-view)",Check source questionnaire for historical changes,How we watch and listen to content data tables.xlsx,QF4. Which of by PBI BANNER,AM7
2019,55-64,5,NET Online subscription and pay-per-view,39.27265766,0.3927265766104,404,188,1,QF4,Past 7 days,"NET online (subscription, pay-per-view)",Check source questionnaire for historical changes,How we watch and listen to content data tables.xlsx,QF4. Which of by PBI BANNER,AN7
2020,55-64,5,NET Online subscription and pay-per-view,51.53432224,0.5153432224272,417,228,1,QF4,Past 7 days,"NET online (subscription, pay-per-view)",Check source questionnaire for historical changes,How we watch and listen to content data tables.xlsx,QF4. Which of by PBI BANNER,AO7
2021,55-64,5,NET Online subscription and pay-per-view,55.5393027,0.5553930270444,702,395,1,QF4,Past 7 days,"NET online (subscription, pay-per-view)",Check source questionnaire for historical changes,How we watch and listen to content data tables.xlsx,QF4. Which of by PBI BANNER,AP7
2022,55-64,5,NET Online subscription and pay-per-view,57.02960662,0.5702960662243001,697,401,1,QF4,Past 7 days,"NET online (subscription, pay-per-view)",Check source questionnaire for historical changes,How we watch and listen to content data tables.xlsx,QF4. Which of by PBI BANNER,AQ7
2023,55-64,5,NET Online subscription and pay-per-view,64.0041518,0.6400415180383,673,429,1,QF4,Past 7 days,"NET online (subscription, pay-per-view)",Check source questionnaire for historical changes,How we watch and listen to content data tables.xlsx,QF4. Which of by PBI BANNER,AR7
2024,55-64,5,NET Online subscription and pay-per-view,65.10776442,0.6510776441849999,615,414,1,QF4,Past 7 days,"NET online (subscription, pay-per-view)",Check source questionnaire for historical changes,How we watch and listen to content data tables.xlsx,QF4. Which of by PBI BANNER,AS7
2025,55-64,5,NET Online subscription and pay-per-view,68.31241184,0.6831241184425,885,591,1,QF4,Past 7 days,"NET online (subscription, pay-per-view)",Check source questionnaire for historical changes,How we watch and listen to content data tables.xlsx,QF4. Which of by PBI BANNER,AT7
2017,65-74,6,NET Online subscription and pay-per-view,7.40016805,0.074001680451,437,52,1,QF4,Past 7 days,"NET online (subscription, pay-per-view)",Check source questionnaire for historical changes,How we watch and listen to content data tables.xlsx,QF4. Which of by PBI BANNER,AU7
2018,65-74,6,NET Online subscription and pay-per-view,12.41400699,0.1241400699217,465,84,1,QF4,Past 7 days,"NET online (subscription, pay-per-view)",Check source questionnaire for historical changes,How we watch and listen to content data tables.xlsx,QF4. Which of by PBI BANNER,AV7
2019,65-74,6,NET Online subscription and pay-per-view,16.74745698,0.1674745698353,429,133,1,QF4,Past 7 days,"NET online (subscription, pay-per-view)",Check source questionnaire for historical changes,How we watch and listen to content data tables.xlsx,QF4. Which of by PBI BANNER,AW7
2020,65-74,6,NET Online subscription and pay-per-view,40.02567932,0.4002567932366,412,167,1,QF4,Past 7 days,"NET online (subscription, pay-per-view)",Check source questionnaire for historical changes,How we watch and listen to content data tables.xlsx,QF4. Which of by PBI BANNER,AX7
2021,65-74,6,NET Online subscription and pay-per-view,43.22049691,0.43220496910679995,735,334,1,QF4,Past 7 days,"NET online (subscription, pay-per-view)",Check source questionnaire for historical changes,How we watch and listen to content data tables.xlsx,QF4. Which of by PBI BANNER,AY7
2022,65-74,6,NET Online subscription and pay-per-view,50.12494071,0.5012494070669,799,397,1,QF4,Past 7 days,"NET online (subscription, pay-per-view)",Check source questionnaire for historical changes,How we watch and listen to content data tables.xlsx,QF4. Which of by PBI BANNER,AZ7
2023,65-74,6,NET Online subscription and pay-per-view,54.40284827,0.5440284826586,729,389,1,QF4,Past 7 days,"NET online (subscription, pay-per-view)",Check source questionnaire for historical changes,How we watch and listen to content data tables.xlsx,QF4. Which of by PBI BANNER,BA7
2024,65-74,6,NET Online subscription and pay-per-view,57.0464055,0.5704640550187,608,336,1,QF4,Past 7 days,"NET online (subscription, pay-per-view)",Check source questionnaire for historical changes,How we watch and listen to content data tables.xlsx,QF4. Which of by PBI BANNER,BB7
2025,65-74,6,NET Online subscription and pay-per-view,56.13653116,0.5613653115715,879,477,1,QF4,Past 7 days,"NET online (subscription, pay-per-view)",Check source questionnaire for historical changes,How we watch and listen to content data tables.xlsx,QF4. Which of by PBI BANNER,BC7
2017,75+,7,NET Online subscription and pay-per-view,1.76804579,0.01768045791453,204,5,1,QF4,Past 7 days,"NET online (subscription, pay-per-view)",Check source questionnaire for historical changes,How we watch and listen to content data tables.xlsx,QF4. Which of by PBI BANNER,BD7
2018,75+,7,NET Online subscription and pay-per-view,4.41335301,0.044133530079190006,207,18,1,QF4,Past 7 days,"NET online (subscription, pay-per-view)",Check source questionnaire for historical changes,How we watch and listen to content data tables.xlsx,QF4. Which of by PBI BANNER,BE7
2019,75+,7,NET Online subscription and pay-per-view,11.92494929,0.1192494929111,215,38,1,QF4,Past 7 days,"NET online (subscription, pay-per-view)",Check source questionnaire for historical changes,How we watch and listen to content data tables.xlsx,QF4. Which of by PBI BANNER,BF7
2020,75+,7,NET Online subscription and pay-per-view,31.76676092,0.3176676092138,194,62,1,QF4,Past 7 days,"NET online (subscription, pay-per-view)",Check source questionnaire for historical changes,How we watch and listen to content data tables.xlsx,QF4. Which of by PBI BANNER,BG7
2021,75+,7,NET Online subscription and pay-per-view,30.31249715,0.3031249715486,361,115,1,QF4,Past 7 days,"NET online (subscription, pay-per-view)",Check source questionnaire for historical changes,How we watch and listen to content data tables.xlsx,QF4. Which of by PBI BANNER,BH7
2022,75+,7,NET Online subscription and pay-per-view,29.20009878,0.2920009877985,408,115,1,QF4,Past 7 days,"NET online (subscription, pay-per-view)",Check source questionnaire for historical changes,How we watch and listen to content data tables.xlsx,QF4. Which of by PBI BANNER,BI7
2023,75+,7,NET Online subscription and pay-per-view,36.66478272,0.36664782718300004,375,139,1,QF4,Past 7 days,"NET online (subscription, pay-per-view)",Check source questionnaire for historical changes,How we watch and listen to content data tables.xlsx,QF4. Which of by PBI BANNER,BJ7
2024,75+,7,NET Online subscription and pay-per-view,37.41556572,0.3741556572374,339,132,1,QF4,Past 7 days,"NET online (subscription, pay-per-view)",Check source questionnaire for historical changes,How we watch and listen to content data tables.xlsx,QF4. Which of by PBI BANNER,BK7
2025,75+,7,NET Online subscription and pay-per-view,45.21392956,0.4521392956407,431,190,1,QF4,Past 7 days,"NET online (subscription, pay-per-view)",Check source questionnaire for historical changes,How we watch and listen to content data tables.xlsx,QF4. Which of by PBI BANNER,BL7
2017,18-24,1,NET Free-to-air including catch-up,47.76197441,0.4776197440866,136,66,1,QF4,Past 7 days,NET free-to-air TV (incl. catch-up),Check source questionnaire for historical changes,How we watch and listen to content data tables.xlsx,QF4. Which of by PBI BANNER,B14
2018,18-24,1,NET Free-to-air including catch-up,44.5193233,0.4451932329803,108,48,1,QF4,Past 7 days,NET free-to-air TV (incl. catch-up),Check source questionnaire for historical changes,How we watch and listen to content data tables.xlsx,QF4. Which of by PBI BANNER,C14
2019,18-24,1,NET Free-to-air including catch-up,45.8236326,0.4582363260154,91,45,1,QF4,Past 7 days,NET free-to-air TV (incl. catch-up),Check source questionnaire for historical changes,How we watch and listen to content data tables.xlsx,QF4. Which of by PBI BANNER,D14
2020,18-24,1,NET Free-to-air including catch-up,50.30356819,0.5030356819003999,81,38,1,QF4,Past 7 days,NET free-to-air TV (incl. catch-up),Check source questionnaire for historical changes,How we watch and listen to content data tables.xlsx,QF4. Which of by PBI BANNER,E14
2021,18-24,1,NET Free-to-air including catch-up,38.59439836,0.3859439835561,151,66,1,QF4,Past 7 days,NET free-to-air TV (incl. catch-up),Check source questionnaire for historical changes,How we watch and listen to content data tables.xlsx,QF4. Which of by PBI BANNER,F14
2022,18-24,1,NET Free-to-air including catch-up,40.30603982,0.4030603981935,140,57,1,QF4,Past 7 days,NET free-to-air TV (incl. catch-up),Check source questionnaire for historical changes,How we watch and listen to content data tables.xlsx,QF4. Which of by PBI BANNER,G14
2023,18-24,1,NET Free-to-air including catch-up,30.55492444,0.3055492444474,171,59,1,QF4,Past 7 days,NET free-to-air TV (incl. catch-up),Check source questionnaire for historical changes,How we watch and listen to content data tables.xlsx,QF4. Which of by PBI BANNER,H14
2024,18-24,1,NET Free-to-air including catch-up,26.86318826,0.2686318826092,194,58,1,QF4,Past 7 days,NET free-to-air TV (incl. catch-up),Check source questionnaire for historical changes,How we watch and listen to content data tables.xlsx,QF4. Which of by PBI BANNER,I14
2025,18-24,1,NET Free-to-air including catch-up,46.83546569,0.46835465688600003,525,255,1,QF4,Past 7 days,NET free-to-air TV (incl. catch-up),Check source questionnaire for historical changes,How we watch and listen to content data tables.xlsx,QF4. Which of by PBI BANNER,J14
2017,25-34,2,NET Free-to-air including catch-up,68.13120288,0.6813120288007001,292,192,1,QF4,Past 7 days,NET free-to-air TV (incl. catch-up),Check source questionnaire for historical changes,How we watch and listen to content data tables.xlsx,QF4. Which of by PBI BANNER,K14
2018,25-34,2,NET Free-to-air including catch-up,58.25658861,0.582565886132,251,148,1,QF4,Past 7 days,NET free-to-air TV (incl. catch-up),Check source questionnaire for historical changes,How we watch and listen to content data tables.xlsx,QF4. Which of by PBI BANNER,L14
2019,25-34,2,NET Free-to-air including catch-up,56.04423332,0.5604423331825,254,153,1,QF4,Past 7 days,NET free-to-air TV (incl. catch-up),Check source questionnaire for historical changes,How we watch and listen to content data tables.xlsx,QF4. Which of by PBI BANNER,M14
2020,25-34,2,NET Free-to-air including catch-up,61.7119674,0.6171196739707,265,155,1,QF4,Past 7 days,NET free-to-air TV (incl. catch-up),Check source questionnaire for historical changes,How we watch and listen to content data tables.xlsx,QF4. Which of by PBI BANNER,N14
2021,25-34,2,NET Free-to-air including catch-up,51.92857824,0.5192857823855,474,262,1,QF4,Past 7 days,NET free-to-air TV (incl. catch-up),Check source questionnaire for historical changes,How we watch and listen to content data tables.xlsx,QF4. Which of by PBI BANNER,O14
2022,25-34,2,NET Free-to-air including catch-up,51.23884381,0.5123884380641001,399,209,1,QF4,Past 7 days,NET free-to-air TV (incl. catch-up),Check source questionnaire for historical changes,How we watch and listen to content data tables.xlsx,QF4. Which of by PBI BANNER,P14
2023,25-34,2,NET Free-to-air including catch-up,48.70526425,0.4870526425411,458,237,1,QF4,Past 7 days,NET free-to-air TV (incl. catch-up),Check source questionnaire for historical changes,How we watch and listen to content data tables.xlsx,QF4. Which of by PBI BANNER,Q14
2024,25-34,2,NET Free-to-air including catch-up,47.73990629,0.47739906286070005,487,230,1,QF4,Past 7 days,NET free-to-air TV (incl. catch-up),Check source questionnaire for historical changes,How we watch and listen to content data tables.xlsx,QF4. Which of by PBI BANNER,R14
2025,25-34,2,NET Free-to-air including catch-up,48.39576682,0.48395766815099994,1024,519,1,QF4,Past 7 days,NET free-to-air TV (incl. catch-up),Check source questionnaire for historical changes,How we watch and listen to content data tables.xlsx,QF4. Which of by PBI BANNER,S14
2017,35-44,3,NET Free-to-air including catch-up,75.19253133,0.7519253133261,317,245,1,QF4,Past 7 days,NET free-to-air TV (incl. catch-up),Check source questionnaire for historical changes,How we watch and listen to content data tables.xlsx,QF4. Which of by PBI BANNER,T14
2018,35-44,3,NET Free-to-air including catch-up,69.17797879,0.6917797878832,269,195,1,QF4,Past 7 days,NET free-to-air TV (incl. catch-up),Check source questionnaire for historical changes,How we watch and listen to content data tables.xlsx,QF4. Which of by PBI BANNER,U14
2019,35-44,3,NET Free-to-air including catch-up,69.2143139,0.6921431390072,299,222,1,QF4,Past 7 days,NET free-to-air TV (incl. catch-up),Check source questionnaire for historical changes,How we watch and listen to content data tables.xlsx,QF4. Which of by PBI BANNER,V14
2020,35-44,3,NET Free-to-air including catch-up,67.33786621,0.6733786621404001,308,222,1,QF4,Past 7 days,NET free-to-air TV (incl. catch-up),Check source questionnaire for historical changes,How we watch and listen to content data tables.xlsx,QF4. Which of by PBI BANNER,W14
2021,35-44,3,NET Free-to-air including catch-up,64.6960071,0.6469600709949,580,391,1,QF4,Past 7 days,NET free-to-air TV (incl. catch-up),Check source questionnaire for historical changes,How we watch and listen to content data tables.xlsx,QF4. Which of by PBI BANNER,X14
2022,35-44,3,NET Free-to-air including catch-up,65.83048744,0.6583048744235,558,368,1,QF4,Past 7 days,NET free-to-air TV (incl. catch-up),Check source questionnaire for historical changes,How we watch and listen to content data tables.xlsx,QF4. Which of by PBI BANNER,Y14
2023,35-44,3,NET Free-to-air including catch-up,62.6750216,0.6267502160316,557,357,1,QF4,Past 7 days,NET free-to-air TV (incl. catch-up),Check source questionnaire for historical changes,How we watch and listen to content data tables.xlsx,QF4. Which of by PBI BANNER,Z14
2024,35-44,3,NET Free-to-air including catch-up,55.40450692,0.5540450692272,670,387,1,QF4,Past 7 days,NET free-to-air TV (incl. catch-up),Check source questionnaire for historical changes,How we watch and listen to content data tables.xlsx,QF4. Which of by PBI BANNER,AA14
2025,35-44,3,NET Free-to-air including catch-up,60.35399843,0.603539984335,1265,796,1,QF4,Past 7 days,NET free-to-air TV (incl. catch-up),Check source questionnaire for historical changes,How we watch and listen to content data tables.xlsx,QF4. Which of by PBI BANNER,AB14
2017,45-54,4,NET Free-to-air including catch-up,82.13028275,0.8213028275038,386,315,1,QF4,Past 7 days,NET free-to-air TV (incl. catch-up),Check source questionnaire for historical changes,How we watch and listen to content data tables.xlsx,QF4. Which of by PBI BANNER,AC14
2018,45-54,4,NET Free-to-air including catch-up,78.70739744,0.7870739744005,369,294,1,QF4,Past 7 days,NET free-to-air TV (incl. catch-up),Check source questionnaire for historical changes,How we watch and listen to content data tables.xlsx,QF4. Which of by PBI BANNER,AD14
2019,45-54,4,NET Free-to-air including catch-up,74.05712527,0.7405712527235999,370,291,1,QF4,Past 7 days,NET free-to-air TV (incl. catch-up),Check source questionnaire for historical changes,How we watch and listen to content data tables.xlsx,QF4. Which of by PBI BANNER,AE14
2020,45-54,4,NET Free-to-air including catch-up,72.03789362,0.7203789361538,311,236,1,QF4,Past 7 days,NET free-to-air TV (incl. catch-up),Check source questionnaire for historical changes,How we watch and listen to content data tables.xlsx,QF4. Which of by PBI BANNER,AF14
2021,45-54,4,NET Free-to-air including catch-up,71.69978179,0.7169978179042,580,438,1,QF4,Past 7 days,NET free-to-air TV (incl. catch-up),Check source questionnaire for historical changes,How we watch and listen to content data tables.xlsx,QF4. Which of by PBI BANNER,AG14
2022,45-54,4,NET Free-to-air including catch-up,77.98347008,0.7798347008448,579,465,1,QF4,Past 7 days,NET free-to-air TV (incl. catch-up),Check source questionnaire for historical changes,How we watch and listen to content data tables.xlsx,QF4. Which of by PBI BANNER,AH14
2023,45-54,4,NET Free-to-air including catch-up,77.05646204,0.7705646204409,605,486,1,QF4,Past 7 days,NET free-to-air TV (incl. catch-up),Check source questionnaire for historical changes,How we watch and listen to content data tables.xlsx,QF4. Which of by PBI BANNER,AI14
2024,45-54,4,NET Free-to-air including catch-up,72.30615504,0.7230615504088,615,458,1,QF4,Past 7 days,NET free-to-air TV (incl. catch-up),Check source questionnaire for historical changes,How we watch and listen to content data tables.xlsx,QF4. Which of by PBI BANNER,AJ14
2025,45-54,4,NET Free-to-air including catch-up,71.63693873,0.7163693872814,977,723,1,QF4,Past 7 days,NET free-to-air TV (incl. catch-up),Check source questionnaire for historical changes,How we watch and listen to content data tables.xlsx,QF4. Which of by PBI BANNER,AK14
2017,55-64,5,NET Free-to-air including catch-up,79.59990671,0.7959990670959001,500,411,1,QF4,Past 7 days,NET free-to-air TV (incl. catch-up),Check source questionnaire for historical changes,How we watch and listen to content data tables.xlsx,QF4. Which of by PBI BANNER,AL14
2018,55-64,5,NET Free-to-air including catch-up,76.57626107,0.7657626107334999,434,345,1,QF4,Past 7 days,NET free-to-air TV (incl. catch-up),Check source questionnaire for historical changes,How we watch and listen to content data tables.xlsx,QF4. Which of by PBI BANNER,AM14
2019,55-64,5,NET Free-to-air including catch-up,80.17951479,0.8017951479345,404,330,1,QF4,Past 7 days,NET free-to-air TV (incl. catch-up),Check source questionnaire for historical changes,How we watch and listen to content data tables.xlsx,QF4. Which of by PBI BANNER,AN14
2020,55-64,5,NET Free-to-air including catch-up,85.88503908,0.858850390751,417,357,1,QF4,Past 7 days,NET free-to-air TV (incl. catch-up),Check source questionnaire for historical changes,How we watch and listen to content data tables.xlsx,QF4. Which of by PBI BANNER,AO14
2021,55-64,5,NET Free-to-air including catch-up,77.30729374,0.7730729374136,702,563,1,QF4,Past 7 days,NET free-to-air TV (incl. catch-up),Check source questionnaire for historical changes,How we watch and listen to content data tables.xlsx,QF4. Which of by PBI BANNER,AP14
2022,55-64,5,NET Free-to-air including catch-up,87.37931245,0.8737931244611,697,611,1,QF4,Past 7 days,NET free-to-air TV (incl. catch-up),Check source questionnaire for historical changes,How we watch and listen to content data tables.xlsx,QF4. Which of by PBI BANNER,AQ14
2023,55-64,5,NET Free-to-air including catch-up,84.13924871,0.8413924871103,673,580,1,QF4,Past 7 days,NET free-to-air TV (incl. catch-up),Check source questionnaire for historical changes,How we watch and listen to content data tables.xlsx,QF4. Which of by PBI BANNER,AR14
2024,55-64,5,NET Free-to-air including catch-up,84.09762463,0.8409762463356,615,516,1,QF4,Past 7 days,NET free-to-air TV (incl. catch-up),Check source questionnaire for historical changes,How we watch and listen to content data tables.xlsx,QF4. Which of by PBI BANNER,AS14
2025,55-64,5,NET Free-to-air including catch-up,83.29922009,0.8329922008791,885,753,1,QF4,Past 7 days,NET free-to-air TV (incl. catch-up),Check source questionnaire for historical changes,How we watch and listen to content data tables.xlsx,QF4. Which of by PBI BANNER,AT14
2017,65-74,6,NET Free-to-air including catch-up,82.05223139,0.8205223138915,437,362,1,QF4,Past 7 days,NET free-to-air TV (incl. catch-up),Check source questionnaire for historical changes,How we watch and listen to content data tables.xlsx,QF4. Which of by PBI BANNER,AU14
2018,65-74,6,NET Free-to-air including catch-up,80.86093742,0.8086093742417,465,376,1,QF4,Past 7 days,NET free-to-air TV (incl. catch-up),Check source questionnaire for historical changes,How we watch and listen to content data tables.xlsx,QF4. Which of by PBI BANNER,AV14
2019,65-74,6,NET Free-to-air including catch-up,80.55238035,0.8055238034573,429,369,1,QF4,Past 7 days,NET free-to-air TV (incl. catch-up),Check source questionnaire for historical changes,How we watch and listen to content data tables.xlsx,QF4. Which of by PBI BANNER,AW14
2020,65-74,6,NET Free-to-air including catch-up,83.45901903,0.8345901902617,412,349,1,QF4,Past 7 days,NET free-to-air TV (incl. catch-up),Check source questionnaire for historical changes,How we watch and listen to content data tables.xlsx,QF4. Which of by PBI BANNER,AX14
2021,65-74,6,NET Free-to-air including catch-up,80.10762771,0.8010762770705,735,610,1,QF4,Past 7 days,NET free-to-air TV (incl. catch-up),Check source questionnaire for historical changes,How we watch and listen to content data tables.xlsx,QF4. Which of by PBI BANNER,AY14
2022,65-74,6,NET Free-to-air including catch-up,89.7252238,0.8972522379783,799,719,1,QF4,Past 7 days,NET free-to-air TV (incl. catch-up),Check source questionnaire for historical changes,How we watch and listen to content data tables.xlsx,QF4. Which of by PBI BANNER,AZ14
2023,65-74,6,NET Free-to-air including catch-up,89.62795298,0.8962795297842,729,660,1,QF4,Past 7 days,NET free-to-air TV (incl. catch-up),Check source questionnaire for historical changes,How we watch and listen to content data tables.xlsx,QF4. Which of by PBI BANNER,BA14
2024,65-74,6,NET Free-to-air including catch-up,86.81751777,0.8681751776747,608,533,1,QF4,Past 7 days,NET free-to-air TV (incl. catch-up),Check source questionnaire for historical changes,How we watch and listen to content data tables.xlsx,QF4. Which of by PBI BANNER,BB14
2025,65-74,6,NET Free-to-air including catch-up,87.16616381,0.8716616381137,879,765,1,QF4,Past 7 days,NET free-to-air TV (incl. catch-up),Check source questionnaire for historical changes,How we watch and listen to content data tables.xlsx,QF4. Which of by PBI BANNER,BC14
2017,75+,7,NET Free-to-air including catch-up,80.51276362,0.8051276361713,204,176,1,QF4,Past 7 days,NET free-to-air TV (incl. catch-up),Check source questionnaire for historical changes,How we watch and listen to content data tables.xlsx,QF4. Which of by PBI BANNER,BD14
2018,75+,7,NET Free-to-air including catch-up,69.51632222,0.6951632222085,207,160,1,QF4,Past 7 days,NET free-to-air TV (incl. catch-up),Check source questionnaire for historical changes,How we watch and listen to content data tables.xlsx,QF4. Which of by PBI BANNER,BE14
2019,75+,7,NET Free-to-air including catch-up,88.13156711,0.8813156710532,215,183,1,QF4,Past 7 days,NET free-to-air TV (incl. catch-up),Check source questionnaire for historical changes,How we watch and listen to content data tables.xlsx,QF4. Which of by PBI BANNER,BF14
2020,75+,7,NET Free-to-air including catch-up,83.98938806,0.8398938806295,194,164,1,QF4,Past 7 days,NET free-to-air TV (incl. catch-up),Check source questionnaire for historical changes,How we watch and listen to content data tables.xlsx,QF4. Which of by PBI BANNER,BG14
2021,75+,7,NET Free-to-air including catch-up,81.1670713,0.8116707129632,361,303,1,QF4,Past 7 days,NET free-to-air TV (incl. catch-up),Check source questionnaire for historical changes,How we watch and listen to content data tables.xlsx,QF4. Which of by PBI BANNER,BH14
2022,75+,7,NET Free-to-air including catch-up,90.62100861,0.9062100860532,408,371,1,QF4,Past 7 days,NET free-to-air TV (incl. catch-up),Check source questionnaire for historical changes,How we watch and listen to content data tables.xlsx,QF4. Which of by PBI BANNER,BI14
2023,75+,7,NET Free-to-air including catch-up,93.0348445,0.9303484450051,375,351,1,QF4,Past 7 days,NET free-to-air TV (incl. catch-up),Check source questionnaire for historical changes,How we watch and listen to content data tables.xlsx,QF4. Which of by PBI BANNER,BJ14
2024,75+,7,NET Free-to-air including catch-up,89.80190829,0.8980190828579999,339,307,1,QF4,Past 7 days,NET free-to-air TV (incl. catch-up),Check source questionnaire for historical changes,How we watch and listen to content data tables.xlsx,QF4. Which of by PBI BANNER,BK14
2025,75+,7,NET Free-to-air including catch-up,88.21059758,0.8821059758074,431,376,1,QF4,Past 7 days,NET free-to-air TV (incl. catch-up),Check source questionnaire for historical changes,How we watch and listen to content data tables.xlsx,QF4. Which of by PBI BANNER,BL14
2017,18-24,1,Online subscription services,51.09848951,0.51098489511,136,74,0,QF4,Past 7 days,"Paid subscription streaming service (e.g. Netflix, Stan, Binge)",Check source questionnaire for historical changes,How we watch and listen to content data tables.xlsx,QF4. Which of by PBI BANNER,B21
2018,18-24,1,Online subscription services,58.13039744,0.5813039744445,108,64,0,QF4,Past 7 days,"Paid subscription streaming service (e.g. Netflix, Stan, Binge)",Check source questionnaire for historical changes,How we watch and listen to content data tables.xlsx,QF4. Which of by PBI BANNER,C21
2019,18-24,1,Online subscription services,72.68750214,0.7268750213788,91,70,0,QF4,Past 7 days,"Paid subscription streaming service (e.g. Netflix, Stan, Binge)",Check source questionnaire for historical changes,How we watch and listen to content data tables.xlsx,QF4. Which of by PBI BANNER,D21
2020,18-24,1,Online subscription services,64.38265903,0.6438265902631,81,49,0,QF4,Past 7 days,"Paid subscription streaming service (e.g. Netflix, Stan, Binge)",Check source questionnaire for historical changes,How we watch and listen to content data tables.xlsx,QF4. Which of by PBI BANNER,E21
2021,18-24,1,Online subscription services,63.01356456,0.6301356456486,151,101,0,QF4,Past 7 days,"Paid subscription streaming service (e.g. Netflix, Stan, Binge)",Check source questionnaire for historical changes,How we watch and listen to content data tables.xlsx,QF4. Which of by PBI BANNER,F21
2022,18-24,1,Online subscription services,61.74157381,0.6174157381495999,140,90,0,QF4,Past 7 days,"Paid subscription streaming service (e.g. Netflix, Stan, Binge)",Check source questionnaire for historical changes,How we watch and listen to content data tables.xlsx,QF4. Which of by PBI BANNER,G21
2023,18-24,1,Online subscription services,69.00145623,0.6900145622705,171,122,0,QF4,Past 7 days,"Paid subscription streaming service (e.g. Netflix, Stan, Binge)",Check source questionnaire for historical changes,How we watch and listen to content data tables.xlsx,QF4. Which of by PBI BANNER,H21
2024,18-24,1,Online subscription services,76.22333482,0.7622333482078,194,153,0,QF4,Past 7 days,"Paid subscription streaming service (e.g. Netflix, Stan, Binge)",Check source questionnaire for historical changes,How we watch and listen to content data tables.xlsx,QF4. Which of by PBI BANNER,I21
2025,18-24,1,Online subscription services,70.12516164,0.7012516163906,525,371,0,QF4,Past 7 days,"Paid subscription streaming service (e.g. Netflix, Stan, Binge)",Check source questionnaire for historical changes,How we watch and listen to content data tables.xlsx,QF4. Which of by PBI BANNER,J21
2017,25-34,2,Online subscription services,49.28593757,0.4928593756526,292,146,0,QF4,Past 7 days,"Paid subscription streaming service (e.g. Netflix, Stan, Binge)",Check source questionnaire for historical changes,How we watch and listen to content data tables.xlsx,QF4. Which of by PBI BANNER,K21
2018,25-34,2,Online subscription services,63.28333355,0.6328333354572,251,156,0,QF4,Past 7 days,"Paid subscription streaming service (e.g. Netflix, Stan, Binge)",Check source questionnaire for historical changes,How we watch and listen to content data tables.xlsx,QF4. Which of by PBI BANNER,L21
2019,25-34,2,Online subscription services,67.80221546,0.6780221546438,254,185,0,QF4,Past 7 days,"Paid subscription streaming service (e.g. Netflix, Stan, Binge)",Check source questionnaire for historical changes,How we watch and listen to content data tables.xlsx,QF4. Which of by PBI BANNER,M21
2020,25-34,2,Online subscription services,65.7766457,0.6577664569719001,265,180,0,QF4,Past 7 days,"Paid subscription streaming service (e.g. Netflix, Stan, Binge)",Check source questionnaire for historical changes,How we watch and listen to content data tables.xlsx,QF4. Which of by PBI BANNER,N21
2021,25-34,2,Online subscription services,67.75559556,0.6775559556204,474,344,0,QF4,Past 7 days,"Paid subscription streaming service (e.g. Netflix, Stan, Binge)",Check source questionnaire for historical changes,How we watch and listen to content data tables.xlsx,QF4. Which of by PBI BANNER,O21
2022,25-34,2,Online subscription services,68.68966164,0.6868966164471,399,278,0,QF4,Past 7 days,"Paid subscription streaming service (e.g. Netflix, Stan, Binge)",Check source questionnaire for historical changes,How we watch and listen to content data tables.xlsx,QF4. Which of by PBI BANNER,P21
2023,25-34,2,Online subscription services,76.3777079,0.7637770789641,458,359,0,QF4,Past 7 days,"Paid subscription streaming service (e.g. Netflix, Stan, Binge)",Check source questionnaire for historical changes,How we watch and listen to content data tables.xlsx,QF4. Which of by PBI BANNER,Q21
2024,25-34,2,Online subscription services,77.87588387,0.7787588386595,487,384,0,QF4,Past 7 days,"Paid subscription streaming service (e.g. Netflix, Stan, Binge)",Check source questionnaire for historical changes,How we watch and listen to content data tables.xlsx,QF4. Which of by PBI BANNER,R21
2025,25-34,2,Online subscription services,74.51216523,0.7451216522589,1024,772,0,QF4,Past 7 days,"Paid subscription streaming service (e.g. Netflix, Stan, Binge)",Check source questionnaire for historical changes,How we watch and listen to content data tables.xlsx,QF4. Which of by PBI BANNER,S21
2017,35-44,3,Online subscription services,36.92899258,0.3692899258411,317,117,0,QF4,Past 7 days,"Paid subscription streaming service (e.g. Netflix, Stan, Binge)",Check source questionnaire for historical changes,How we watch and listen to content data tables.xlsx,QF4. Which of by PBI BANNER,T21
2018,35-44,3,Online subscription services,48.11039862,0.48110398624589995,269,134,0,QF4,Past 7 days,"Paid subscription streaming service (e.g. Netflix, Stan, Binge)",Check source questionnaire for historical changes,How we watch and listen to content data tables.xlsx,QF4. Which of by PBI BANNER,U21
2019,35-44,3,Online subscription services,63.28096842,0.6328096841698,299,188,0,QF4,Past 7 days,"Paid subscription streaming service (e.g. Netflix, Stan, Binge)",Check source questionnaire for historical changes,How we watch and listen to content data tables.xlsx,QF4. Which of by PBI BANNER,V21
2020,35-44,3,Online subscription services,62.54377658,0.6254377657883,308,201,0,QF4,Past 7 days,"Paid subscription streaming service (e.g. Netflix, Stan, Binge)",Check source questionnaire for historical changes,How we watch and listen to content data tables.xlsx,QF4. Which of by PBI BANNER,W21
2021,35-44,3,Online subscription services,64.9694645,0.6496946449507,580,393,0,QF4,Past 7 days,"Paid subscription streaming service (e.g. Netflix, Stan, Binge)",Check source questionnaire for historical changes,How we watch and listen to content data tables.xlsx,QF4. Which of by PBI BANNER,X21
2022,35-44,3,Online subscription services,65.11131542,0.6511131541592,558,377,0,QF4,Past 7 days,"Paid subscription streaming service (e.g. Netflix, Stan, Binge)",Check source questionnaire for historical changes,How we watch and listen to content data tables.xlsx,QF4. Which of by PBI BANNER,Y21
2023,35-44,3,Online subscription services,72.28803121,0.7228803121487001,557,420,0,QF4,Past 7 days,"Paid subscription streaming service (e.g. Netflix, Stan, Binge)",Check source questionnaire for historical changes,How we watch and listen to content data tables.xlsx,QF4. Which of by PBI BANNER,Z21
2024,35-44,3,Online subscription services,74.35179841,0.7435179840792,670,517,0,QF4,Past 7 days,"Paid subscription streaming service (e.g. Netflix, Stan, Binge)",Check source questionnaire for historical changes,How we watch and listen to content data tables.xlsx,QF4. Which of by PBI BANNER,AA21
2025,35-44,3,Online subscription services,72.55426828,0.7255426827507,1265,939,0,QF4,Past 7 days,"Paid subscription streaming service (e.g. Netflix, Stan, Binge)",Check source questionnaire for historical changes,How we watch and listen to content data tables.xlsx,QF4. Which of by PBI BANNER,AB21
2017,45-54,4,Online subscription services,25.30270414,0.2530270414226,386,110,0,QF4,Past 7 days,"Paid subscription streaming service (e.g. Netflix, Stan, Binge)",Check source questionnaire for historical changes,How we watch and listen to content data tables.xlsx,QF4. Which of by PBI BANNER,AC21
2018,45-54,4,Online subscription services,33.64584145,0.3364584145087,369,140,0,QF4,Past 7 days,"Paid subscription streaming service (e.g. Netflix, Stan, Binge)",Check source questionnaire for historical changes,How we watch and listen to content data tables.xlsx,QF4. Which of by PBI BANNER,AD21
2019,45-54,4,Online subscription services,49.1247588,0.49124758804839996,370,198,0,QF4,Past 7 days,"Paid subscription streaming service (e.g. Netflix, Stan, Binge)",Check source questionnaire for historical changes,How we watch and listen to content data tables.xlsx,QF4. Which of by PBI BANNER,AE21
2020,45-54,4,Online subscription services,60.68079292,0.6068079291968,311,200,0,QF4,Past 7 days,"Paid subscription streaming service (e.g. Netflix, Stan, Binge)",Check source questionnaire for historical changes,How we watch and listen to content data tables.xlsx,QF4. Which of by PBI BANNER,AF21
2021,45-54,4,Online subscription services,64.91371423,0.6491371422516999,580,378,0,QF4,Past 7 days,"Paid subscription streaming service (e.g. Netflix, Stan, Binge)",Check source questionnaire for historical changes,How we watch and listen to content data tables.xlsx,QF4. Which of by PBI BANNER,AG21
2022,45-54,4,Online subscription services,66.60303547,0.6660303547372,579,397,0,QF4,Past 7 days,"Paid subscription streaming service (e.g. Netflix, Stan, Binge)",Check source questionnaire for historical changes,How we watch and listen to content data tables.xlsx,QF4. Which of by PBI BANNER,AH21
2023,45-54,4,Online subscription services,69.02785465,0.6902785465282,605,437,0,QF4,Past 7 days,"Paid subscription streaming service (e.g. Netflix, Stan, Binge)",Check source questionnaire for historical changes,How we watch and listen to content data tables.xlsx,QF4. Which of by PBI BANNER,AI21
2024,45-54,4,Online subscription services,75.66654064,0.7566654064334,615,463,0,QF4,Past 7 days,"Paid subscription streaming service (e.g. Netflix, Stan, Binge)",Check source questionnaire for historical changes,How we watch and listen to content data tables.xlsx,QF4. Which of by PBI BANNER,AJ21
2025,45-54,4,Online subscription services,74.64918776,0.7464918776208,977,719,0,QF4,Past 7 days,"Paid subscription streaming service (e.g. Netflix, Stan, Binge)",Check source questionnaire for historical changes,How we watch and listen to content data tables.xlsx,QF4. Which of by PBI BANNER,AK21
2017,55-64,5,Online subscription services,16.81607241,0.16816072409139998,500,97,0,QF4,Past 7 days,"Paid subscription streaming service (e.g. Netflix, Stan, Binge)",Check source questionnaire for historical changes,How we watch and listen to content data tables.xlsx,QF4. Which of by PBI BANNER,AL21
2018,55-64,5,Online subscription services,24.65765808,0.24657658078709999,434,126,0,QF4,Past 7 days,"Paid subscription streaming service (e.g. Netflix, Stan, Binge)",Check source questionnaire for historical changes,How we watch and listen to content data tables.xlsx,QF4. Which of by PBI BANNER,AM21
2019,55-64,5,Online subscription services,39.27265766,0.3927265766104,404,188,0,QF4,Past 7 days,"Paid subscription streaming service (e.g. Netflix, Stan, Binge)",Check source questionnaire for historical changes,How we watch and listen to content data tables.xlsx,QF4. Which of by PBI BANNER,AN21
2020,55-64,5,Online subscription services,50.73835851,0.5073835851042999,417,226,0,QF4,Past 7 days,"Paid subscription streaming service (e.g. Netflix, Stan, Binge)",Check source questionnaire for historical changes,How we watch and listen to content data tables.xlsx,QF4. Which of by PBI BANNER,AO21
2021,55-64,5,Online subscription services,54.92367143,0.5492367142794,702,390,0,QF4,Past 7 days,"Paid subscription streaming service (e.g. Netflix, Stan, Binge)",Check source questionnaire for historical changes,How we watch and listen to content data tables.xlsx,QF4. Which of by PBI BANNER,AP21
2022,55-64,5,Online subscription services,54.91081043,0.5491081042571,697,389,0,QF4,Past 7 days,"Paid subscription streaming service (e.g. Netflix, Stan, Binge)",Check source questionnaire for historical changes,How we watch and listen to content data tables.xlsx,QF4. Which of by PBI BANNER,AQ21
2023,55-64,5,Online subscription services,62.82511247,0.6282511246912,673,422,0,QF4,Past 7 days,"Paid subscription streaming service (e.g. Netflix, Stan, Binge)",Check source questionnaire for historical changes,How we watch and listen to content data tables.xlsx,QF4. Which of by PBI BANNER,AR21
2024,55-64,5,Online subscription services,64.27849237,0.6427849236896,615,406,0,QF4,Past 7 days,"Paid subscription streaming service (e.g. Netflix, Stan, Binge)",Check source questionnaire for historical changes,How we watch and listen to content data tables.xlsx,QF4. Which of by PBI BANNER,AS21
2025,55-64,5,Online subscription services,67.29717168,0.6729717167612,885,582,0,QF4,Past 7 days,"Paid subscription streaming service (e.g. Netflix, Stan, Binge)",Check source questionnaire for historical changes,How we watch and listen to content data tables.xlsx,QF4. Which of by PBI BANNER,AT21
2017,65-74,6,Online subscription services,7.07481852,0.07074818516621,437,50,0,QF4,Past 7 days,"Paid subscription streaming service (e.g. Netflix, Stan, Binge)",Check source questionnaire for historical changes,How we watch and listen to content data tables.xlsx,QF4. Which of by PBI BANNER,AU21
2018,65-74,6,Online subscription services,12.41400699,0.1241400699217,465,84,0,QF4,Past 7 days,"Paid subscription streaming service (e.g. Netflix, Stan, Binge)",Check source questionnaire for historical changes,How we watch and listen to content data tables.xlsx,QF4. Which of by PBI BANNER,AV21
2019,65-74,6,Online subscription services,16.39833096,0.1639833095773,429,131,0,QF4,Past 7 days,"Paid subscription streaming service (e.g. Netflix, Stan, Binge)",Check source questionnaire for historical changes,How we watch and listen to content data tables.xlsx,QF4. Which of by PBI BANNER,AW21
2020,65-74,6,Online subscription services,39.95808498,0.3995808498458,412,166,0,QF4,Past 7 days,"Paid subscription streaming service (e.g. Netflix, Stan, Binge)",Check source questionnaire for historical changes,How we watch and listen to content data tables.xlsx,QF4. Which of by PBI BANNER,AX21
2021,65-74,6,Online subscription services,42.61409538,0.42614095382789996,735,328,0,QF4,Past 7 days,"Paid subscription streaming service (e.g. Netflix, Stan, Binge)",Check source questionnaire for historical changes,How we watch and listen to content data tables.xlsx,QF4. Which of by PBI BANNER,AY21
2022,65-74,6,Online subscription services,49.6431426,0.49643142602929996,799,390,0,QF4,Past 7 days,"Paid subscription streaming service (e.g. Netflix, Stan, Binge)",Check source questionnaire for historical changes,How we watch and listen to content data tables.xlsx,QF4. Which of by PBI BANNER,AZ21
2023,65-74,6,Online subscription services,53.93634996,0.5393634995794,729,384,0,QF4,Past 7 days,"Paid subscription streaming service (e.g. Netflix, Stan, Binge)",Check source questionnaire for historical changes,How we watch and listen to content data tables.xlsx,QF4. Which of by PBI BANNER,BA21
2024,65-74,6,Online subscription services,56.88940189,0.5688940188824,608,334,0,QF4,Past 7 days,"Paid subscription streaming service (e.g. Netflix, Stan, Binge)",Check source questionnaire for historical changes,How we watch and listen to content data tables.xlsx,QF4. Which of by PBI BANNER,BB21
2025,65-74,6,Online subscription services,55.60364673,0.5560364673355,879,472,0,QF4,Past 7 days,"Paid subscription streaming service (e.g. Netflix, Stan, Binge)",Check source questionnaire for historical changes,How we watch and listen to content data tables.xlsx,QF4. Which of by PBI BANNER,BC21
2017,75+,7,Online subscription services,1.76804579,0.01768045791453,204,5,0,QF4,Past 7 days,"Paid subscription streaming service (e.g. Netflix, Stan, Binge)",Check source questionnaire for historical changes,How we watch and listen to content data tables.xlsx,QF4. Which of by PBI BANNER,BD21
2018,75+,7,Online subscription services,4.41335301,0.044133530079190006,207,18,0,QF4,Past 7 days,"Paid subscription streaming service (e.g. Netflix, Stan, Binge)",Check source questionnaire for historical changes,How we watch and listen to content data tables.xlsx,QF4. Which of by PBI BANNER,BE21
2019,75+,7,Online subscription services,11.92494929,0.1192494929111,215,38,0,QF4,Past 7 days,"Paid subscription streaming service (e.g. Netflix, Stan, Binge)",Check source questionnaire for historical changes,How we watch and listen to content data tables.xlsx,QF4. Which of by PBI BANNER,BF21
2020,75+,7,Online subscription services,30.8847145,0.3088471450123,194,60,0,QF4,Past 7 days,"Paid subscription streaming service (e.g. Netflix, Stan, Binge)",Check source questionnaire for historical changes,How we watch and listen to content data tables.xlsx,QF4. Which of by PBI BANNER,BG21
2021,75+,7,Online subscription services,29.70314053,0.2970314053339,361,113,0,QF4,Past 7 days,"Paid subscription streaming service (e.g. Netflix, Stan, Binge)",Check source questionnaire for historical changes,How we watch and listen to content data tables.xlsx,QF4. Which of by PBI BANNER,BH21
2022,75+,7,Online subscription services,29.20009878,0.2920009877985,408,115,0,QF4,Past 7 days,"Paid subscription streaming service (e.g. Netflix, Stan, Binge)",Check source questionnaire for historical changes,How we watch and listen to content data tables.xlsx,QF4. Which of by PBI BANNER,BI21
2023,75+,7,Online subscription services,36.66478272,0.36664782718300004,375,139,0,QF4,Past 7 days,"Paid subscription streaming service (e.g. Netflix, Stan, Binge)",Check source questionnaire for historical changes,How we watch and listen to content data tables.xlsx,QF4. Which of by PBI BANNER,BJ21
2024,75+,7,Online subscription services,36.98081815,0.3698081815312,339,130,0,QF4,Past 7 days,"Paid subscription streaming service (e.g. Netflix, Stan, Binge)",Check source questionnaire for historical changes,How we watch and listen to content data tables.xlsx,QF4. Which of by PBI BANNER,BK21
2025,75+,7,Online subscription services,43.69273103,0.43692731031800003,431,187,0,QF4,Past 7 days,"Paid subscription streaming service (e.g. Netflix, Stan, Binge)",Check source questionnaire for historical changes,How we watch and listen to content data tables.xlsx,QF4. Which of by PBI BANNER,BL21
2022,18-24,1,User-generated or short-form online video,63.85778405,0.6385778405492001,140,90,0,QF4,Past 7 days,"User-generated or short-form online video service (e.g. YouTube, TikTok, Instagram)",Short-form category included from 2022; earlier placeholder zeros omitted,How we watch and listen to content data tables.xlsx,QF4. Which of by PBI BANNER,G28
2023,18-24,1,User-generated or short-form online video,85.99168018,0.8599168017551,171,146,0,QF4,Past 7 days,"User-generated or short-form online video service (e.g. YouTube, TikTok, Instagram)",Short-form category included from 2022; earlier placeholder zeros omitted,How we watch and listen to content data tables.xlsx,QF4. Which of by PBI BANNER,H28
2024,18-24,1,User-generated or short-form online video,76.54882554,0.7654882554440999,194,149,0,QF4,Past 7 days,"User-generated or short-form online video service (e.g. YouTube, TikTok, Instagram)",Short-form category included from 2022; earlier placeholder zeros omitted,How we watch and listen to content data tables.xlsx,QF4. Which of by PBI BANNER,I28
2025,18-24,1,User-generated or short-form online video,61.95226403,0.6195226402912,525,321,0,QF4,Past 7 days,"User-generated or short-form online video service (e.g. YouTube, TikTok, Instagram)",Short-form category included from 2022; earlier placeholder zeros omitted,How we watch and listen to content data tables.xlsx,QF4. Which of by PBI BANNER,J28
2022,25-34,2,User-generated or short-form online video,57.54924947,0.5754924946655,399,236,0,QF4,Past 7 days,"User-generated or short-form online video service (e.g. YouTube, TikTok, Instagram)",Short-form category included from 2022; earlier placeholder zeros omitted,How we watch and listen to content data tables.xlsx,QF4. Which of by PBI BANNER,P28
2023,25-34,2,User-generated or short-form online video,71.87171716,0.7187171715673,458,340,0,QF4,Past 7 days,"User-generated or short-form online video service (e.g. YouTube, TikTok, Instagram)",Short-form category included from 2022; earlier placeholder zeros omitted,How we watch and listen to content data tables.xlsx,QF4. Which of by PBI BANNER,Q28
2024,25-34,2,User-generated or short-form online video,73.12531792,0.7312531792043999,487,365,0,QF4,Past 7 days,"User-generated or short-form online video service (e.g. YouTube, TikTok, Instagram)",Short-form category included from 2022; earlier placeholder zeros omitted,How we watch and listen to content data tables.xlsx,QF4. Which of by PBI BANNER,R28
2025,25-34,2,User-generated or short-form online video,64.03790868,0.640379086818,1024,671,0,QF4,Past 7 days,"User-generated or short-form online video service (e.g. YouTube, TikTok, Instagram)",Short-form category included from 2022; earlier placeholder zeros omitted,How we watch and listen to content data tables.xlsx,QF4. Which of by PBI BANNER,S28
2022,35-44,3,User-generated or short-form online video,47.70794835,0.4770794834556,558,266,0,QF4,Past 7 days,"User-generated or short-form online video service (e.g. YouTube, TikTok, Instagram)",Short-form category included from 2022; earlier placeholder zeros omitted,How we watch and listen to content data tables.xlsx,QF4. Which of by PBI BANNER,Y28
2023,35-44,3,User-generated or short-form online video,63.13772656,0.6313772656238,557,352,0,QF4,Past 7 days,"User-generated or short-form online video service (e.g. YouTube, TikTok, Instagram)",Short-form category included from 2022; earlier placeholder zeros omitted,How we watch and listen to content data tables.xlsx,QF4. Which of by PBI BANNER,Z28
2024,35-44,3,User-generated or short-form online video,68.12646515,0.6812646514948,670,452,0,QF4,Past 7 days,"User-generated or short-form online video service (e.g. YouTube, TikTok, Instagram)",Short-form category included from 2022; earlier placeholder zeros omitted,How we watch and listen to content data tables.xlsx,QF4. Which of by PBI BANNER,AA28
2025,35-44,3,User-generated or short-form online video,59.96806023,0.5996806023297,1265,760,0,QF4,Past 7 days,"User-generated or short-form online video service (e.g. YouTube, TikTok, Instagram)",Short-form category included from 2022; earlier placeholder zeros omitted,How we watch and listen to content data tables.xlsx,QF4. Which of by PBI BANNER,AB28
2022,45-54,4,User-generated or short-form online video,42.12126381,0.4212126380555,579,252,0,QF4,Past 7 days,"User-generated or short-form online video service (e.g. YouTube, TikTok, Instagram)",Short-form category included from 2022; earlier placeholder zeros omitted,How we watch and listen to content data tables.xlsx,QF4. Which of by PBI BANNER,AH28
2023,45-54,4,User-generated or short-form online video,55.10465155,0.5510465155403,605,336,0,QF4,Past 7 days,"User-generated or short-form online video service (e.g. YouTube, TikTok, Instagram)",Short-form category included from 2022; earlier placeholder zeros omitted,How we watch and listen to content data tables.xlsx,QF4. Which of by PBI BANNER,AI28
2024,45-54,4,User-generated or short-form online video,60.3147003,0.603147002983,615,370,0,QF4,Past 7 days,"User-generated or short-form online video service (e.g. YouTube, TikTok, Instagram)",Short-form category included from 2022; earlier placeholder zeros omitted,How we watch and listen to content data tables.xlsx,QF4. Which of by PBI BANNER,AJ28
2025,45-54,4,User-generated or short-form online video,53.60758431,0.5360758430858,977,518,0,QF4,Past 7 days,"User-generated or short-form online video service (e.g. YouTube, TikTok, Instagram)",Short-form category included from 2022; earlier placeholder zeros omitted,How we watch and listen to content data tables.xlsx,QF4. Which of by PBI BANNER,AK28
2022,55-64,5,User-generated or short-form online video,38.32585536,0.38325855358600003,697,259,0,QF4,Past 7 days,"User-generated or short-form online video service (e.g. YouTube, TikTok, Instagram)",Short-form category included from 2022; earlier placeholder zeros omitted,How we watch and listen to content data tables.xlsx,QF4. Which of by PBI BANNER,AQ28
2023,55-64,5,User-generated or short-form online video,49.63018046,0.496301804636,673,326,0,QF4,Past 7 days,"User-generated or short-form online video service (e.g. YouTube, TikTok, Instagram)",Short-form category included from 2022; earlier placeholder zeros omitted,How we watch and listen to content data tables.xlsx,QF4. Which of by PBI BANNER,AR28
2024,55-64,5,User-generated or short-form online video,50.20412062,0.5020412062338,615,309,0,QF4,Past 7 days,"User-generated or short-form online video service (e.g. YouTube, TikTok, Instagram)",Short-form category included from 2022; earlier placeholder zeros omitted,How we watch and listen to content data tables.xlsx,QF4. Which of by PBI BANNER,AS28
2025,55-64,5,User-generated or short-form online video,48.73787206,0.48737872058790005,885,415,0,QF4,Past 7 days,"User-generated or short-form online video service (e.g. YouTube, TikTok, Instagram)",Short-form category included from 2022; earlier placeholder zeros omitted,How we watch and listen to content data tables.xlsx,QF4. Which of by PBI BANNER,AT28
2022,65-74,6,User-generated or short-form online video,25.48644308,0.2548644308418,799,216,0,QF4,Past 7 days,"User-generated or short-form online video service (e.g. YouTube, TikTok, Instagram)",Short-form category included from 2022; earlier placeholder zeros omitted,How we watch and listen to content data tables.xlsx,QF4. Which of by PBI BANNER,AZ28
2023,65-74,6,User-generated or short-form online video,35.32394411,0.3532394410906,729,265,0,QF4,Past 7 days,"User-generated or short-form online video service (e.g. YouTube, TikTok, Instagram)",Short-form category included from 2022; earlier placeholder zeros omitted,How we watch and listen to content data tables.xlsx,QF4. Which of by PBI BANNER,BA28
2024,65-74,6,User-generated or short-form online video,37.70912888,0.3770912888479,608,217,0,QF4,Past 7 days,"User-generated or short-form online video service (e.g. YouTube, TikTok, Instagram)",Short-form category included from 2022; earlier placeholder zeros omitted,How we watch and listen to content data tables.xlsx,QF4. Which of by PBI BANNER,BB28
2025,65-74,6,User-generated or short-form online video,37.70469789,0.37704697885329996,879,314,0,QF4,Past 7 days,"User-generated or short-form online video service (e.g. YouTube, TikTok, Instagram)",Short-form category included from 2022; earlier placeholder zeros omitted,How we watch and listen to content data tables.xlsx,QF4. Which of by PBI BANNER,BC28
2022,75+,7,User-generated or short-form online video,15.73605897,0.1573605897392,408,58,0,QF4,Past 7 days,"User-generated or short-form online video service (e.g. YouTube, TikTok, Instagram)",Short-form category included from 2022; earlier placeholder zeros omitted,How we watch and listen to content data tables.xlsx,QF4. Which of by PBI BANNER,BI28
2023,75+,7,User-generated or short-form online video,24.58202397,0.2458202396727,375,91,0,QF4,Past 7 days,"User-generated or short-form online video service (e.g. YouTube, TikTok, Instagram)",Short-form category included from 2022; earlier placeholder zeros omitted,How we watch and listen to content data tables.xlsx,QF4. Which of by PBI BANNER,BJ28
2024,75+,7,User-generated or short-form online video,28.7039627,0.2870396270065,339,96,0,QF4,Past 7 days,"User-generated or short-form online video service (e.g. YouTube, TikTok, Instagram)",Short-form category included from 2022; earlier placeholder zeros omitted,How we watch and listen to content data tables.xlsx,QF4. Which of by PBI BANNER,BK28
2025,75+,7,User-generated or short-form online video,22.92748302,0.2292748302462,431,99,0,QF4,Past 7 days,"User-generated or short-form online video service (e.g. YouTube, TikTok, Instagram)",Short-form category included from 2022; earlier placeholder zeros omitted,How we watch and listen to content data tables.xlsx,QF4. Which of by PBI BANNER,BL28
2017,18-24,1,Free-to-air TV excluding catch-up,45.38410029,0.45384100288589996,136,62,0,QF4,Past 7 days,"Free-to-air TV excluding catch-up TV (e.g. ABC, SBS, Channels 7, 9, 10) + Recorded free-to-air TV content (recorded by you) (UP TO 2021)",Includes recorded free-to-air content up to 2021; compare recent years for consistent scope,How we watch and listen to content data tables.xlsx,QF4. Which of by PBI BANNER,B35
2018,18-24,1,Free-to-air TV excluding catch-up,41.37702493,0.4137702493143,108,45,0,QF4,Past 7 days,"Free-to-air TV excluding catch-up TV (e.g. ABC, SBS, Channels 7, 9, 10) + Recorded free-to-air TV content (recorded by you) (UP TO 2021)",Includes recorded free-to-air content up to 2021; compare recent years for consistent scope,How we watch and listen to content data tables.xlsx,QF4. Which of by PBI BANNER,C35
2019,18-24,1,Free-to-air TV excluding catch-up,39.28770517,0.3928770517069,91,38,0,QF4,Past 7 days,"Free-to-air TV excluding catch-up TV (e.g. ABC, SBS, Channels 7, 9, 10) + Recorded free-to-air TV content (recorded by you) (UP TO 2021)",Includes recorded free-to-air content up to 2021; compare recent years for consistent scope,How we watch and listen to content data tables.xlsx,QF4. Which of by PBI BANNER,D35
2020,18-24,1,Free-to-air TV excluding catch-up,41.7091663,0.41709166300710004,81,29,0,QF4,Past 7 days,"Free-to-air TV excluding catch-up TV (e.g. ABC, SBS, Channels 7, 9, 10) + Recorded free-to-air TV content (recorded by you) (UP TO 2021)",Includes recorded free-to-air content up to 2021; compare recent years for consistent scope,How we watch and listen to content data tables.xlsx,QF4. Which of by PBI BANNER,E35
2021,18-24,1,Free-to-air TV excluding catch-up,29.29610054,0.2929610053755,151,45,0,QF4,Past 7 days,"Free-to-air TV excluding catch-up TV (e.g. ABC, SBS, Channels 7, 9, 10) + Recorded free-to-air TV content (recorded by you) (UP TO 2021)",Includes recorded free-to-air content up to 2021; compare recent years for consistent scope,How we watch and listen to content data tables.xlsx,QF4. Which of by PBI BANNER,F35
2022,18-24,1,Free-to-air TV excluding catch-up,24.15495667,0.2415495666719,140,34,0,QF4,Past 7 days,"Free-to-air TV excluding catch-up TV (e.g. ABC, SBS, Channels 7, 9, 10) + Recorded free-to-air TV content (recorded by you) (UP TO 2021)",Includes recorded free-to-air content up to 2021; compare recent years for consistent scope,How we watch and listen to content data tables.xlsx,QF4. Which of by PBI BANNER,G35
2023,18-24,1,Free-to-air TV excluding catch-up,17.60468593,0.1760468593462,171,31,0,QF4,Past 7 days,"Free-to-air TV excluding catch-up TV (e.g. ABC, SBS, Channels 7, 9, 10) + Recorded free-to-air TV content (recorded by you) (UP TO 2021)",Includes recorded free-to-air content up to 2021; compare recent years for consistent scope,How we watch and listen to content data tables.xlsx,QF4. Which of by PBI BANNER,H35
2024,18-24,1,Free-to-air TV excluding catch-up,19.21564697,0.1921564697067,194,42,0,QF4,Past 7 days,"Free-to-air TV excluding catch-up TV (e.g. ABC, SBS, Channels 7, 9, 10) + Recorded free-to-air TV content (recorded by you) (UP TO 2021)",Includes recorded free-to-air content up to 2021; compare recent years for consistent scope,How we watch and listen to content data tables.xlsx,QF4. Which of by PBI BANNER,I35
2025,18-24,1,Free-to-air TV excluding catch-up,33.88724546,0.33887245458910004,525,178,0,QF4,Past 7 days,"Free-to-air TV excluding catch-up TV (e.g. ABC, SBS, Channels 7, 9, 10) + Recorded free-to-air TV content (recorded by you) (UP TO 2021)",Includes recorded free-to-air content up to 2021; compare recent years for consistent scope,How we watch and listen to content data tables.xlsx,QF4. Which of by PBI BANNER,J35
2017,25-34,2,Free-to-air TV excluding catch-up,62.08398773,0.6208398773178,292,175,0,QF4,Past 7 days,"Free-to-air TV excluding catch-up TV (e.g. ABC, SBS, Channels 7, 9, 10) + Recorded free-to-air TV content (recorded by you) (UP TO 2021)",Includes recorded free-to-air content up to 2021; compare recent years for consistent scope,How we watch and listen to content data tables.xlsx,QF4. Which of by PBI BANNER,K35
2018,25-34,2,Free-to-air TV excluding catch-up,54.74771884,0.5474771884140001,251,138,0,QF4,Past 7 days,"Free-to-air TV excluding catch-up TV (e.g. ABC, SBS, Channels 7, 9, 10) + Recorded free-to-air TV content (recorded by you) (UP TO 2021)",Includes recorded free-to-air content up to 2021; compare recent years for consistent scope,How we watch and listen to content data tables.xlsx,QF4. Which of by PBI BANNER,L35
2019,25-34,2,Free-to-air TV excluding catch-up,46.76610416,0.4676610415821,254,124,0,QF4,Past 7 days,"Free-to-air TV excluding catch-up TV (e.g. ABC, SBS, Channels 7, 9, 10) + Recorded free-to-air TV content (recorded by you) (UP TO 2021)",Includes recorded free-to-air content up to 2021; compare recent years for consistent scope,How we watch and listen to content data tables.xlsx,QF4. Which of by PBI BANNER,M35
2020,25-34,2,Free-to-air TV excluding catch-up,47.84396089,0.47843960892209997,265,118,0,QF4,Past 7 days,"Free-to-air TV excluding catch-up TV (e.g. ABC, SBS, Channels 7, 9, 10) + Recorded free-to-air TV content (recorded by you) (UP TO 2021)",Includes recorded free-to-air content up to 2021; compare recent years for consistent scope,How we watch and listen to content data tables.xlsx,QF4. Which of by PBI BANNER,N35
2021,25-34,2,Free-to-air TV excluding catch-up,34.91350679,0.3491350679293,474,180,0,QF4,Past 7 days,"Free-to-air TV excluding catch-up TV (e.g. ABC, SBS, Channels 7, 9, 10) + Recorded free-to-air TV content (recorded by you) (UP TO 2021)",Includes recorded free-to-air content up to 2021; compare recent years for consistent scope,How we watch and listen to content data tables.xlsx,QF4. Which of by PBI BANNER,O35
2022,25-34,2,Free-to-air TV excluding catch-up,33.98513046,0.3398513045578,399,131,0,QF4,Past 7 days,"Free-to-air TV excluding catch-up TV (e.g. ABC, SBS, Channels 7, 9, 10) + Recorded free-to-air TV content (recorded by you) (UP TO 2021)",Includes recorded free-to-air content up to 2021; compare recent years for consistent scope,How we watch and listen to content data tables.xlsx,QF4. Which of by PBI BANNER,P35
2023,25-34,2,Free-to-air TV excluding catch-up,28.8688672,0.28868867202459997,458,133,0,QF4,Past 7 days,"Free-to-air TV excluding catch-up TV (e.g. ABC, SBS, Channels 7, 9, 10) + Recorded free-to-air TV content (recorded by you) (UP TO 2021)",Includes recorded free-to-air content up to 2021; compare recent years for consistent scope,How we watch and listen to content data tables.xlsx,QF4. Which of by PBI BANNER,Q35
2024,25-34,2,Free-to-air TV excluding catch-up,27.12753096,0.2712753095652,487,124,0,QF4,Past 7 days,"Free-to-air TV excluding catch-up TV (e.g. ABC, SBS, Channels 7, 9, 10) + Recorded free-to-air TV content (recorded by you) (UP TO 2021)",Includes recorded free-to-air content up to 2021; compare recent years for consistent scope,How we watch and listen to content data tables.xlsx,QF4. Which of by PBI BANNER,R35
2025,25-34,2,Free-to-air TV excluding catch-up,29.95713621,0.2995713621459,1024,321,0,QF4,Past 7 days,"Free-to-air TV excluding catch-up TV (e.g. ABC, SBS, Channels 7, 9, 10) + Recorded free-to-air TV content (recorded by you) (UP TO 2021)",Includes recorded free-to-air content up to 2021; compare recent years for consistent scope,How we watch and listen to content data tables.xlsx,QF4. Which of by PBI BANNER,S35
2017,35-44,3,Free-to-air TV excluding catch-up,70.12259831,0.7012259831476,317,224,0,QF4,Past 7 days,"Free-to-air TV excluding catch-up TV (e.g. ABC, SBS, Channels 7, 9, 10) + Recorded free-to-air TV content (recorded by you) (UP TO 2021)",Includes recorded free-to-air content up to 2021; compare recent years for consistent scope,How we watch and listen to content data tables.xlsx,QF4. Which of by PBI BANNER,T35
2018,35-44,3,Free-to-air TV excluding catch-up,61.94368022,0.6194368021532,269,172,0,QF4,Past 7 days,"Free-to-air TV excluding catch-up TV (e.g. ABC, SBS, Channels 7, 9, 10) + Recorded free-to-air TV content (recorded by you) (UP TO 2021)",Includes recorded free-to-air content up to 2021; compare recent years for consistent scope,How we watch and listen to content data tables.xlsx,QF4. Which of by PBI BANNER,U35
2019,35-44,3,Free-to-air TV excluding catch-up,59.19111437,0.5919111437322,299,180,0,QF4,Past 7 days,"Free-to-air TV excluding catch-up TV (e.g. ABC, SBS, Channels 7, 9, 10) + Recorded free-to-air TV content (recorded by you) (UP TO 2021)",Includes recorded free-to-air content up to 2021; compare recent years for consistent scope,How we watch and listen to content data tables.xlsx,QF4. Which of by PBI BANNER,V35
2020,35-44,3,Free-to-air TV excluding catch-up,52.73718661,0.5273718661465999,308,168,0,QF4,Past 7 days,"Free-to-air TV excluding catch-up TV (e.g. ABC, SBS, Channels 7, 9, 10) + Recorded free-to-air TV content (recorded by you) (UP TO 2021)",Includes recorded free-to-air content up to 2021; compare recent years for consistent scope,How we watch and listen to content data tables.xlsx,QF4. Which of by PBI BANNER,W35
2021,35-44,3,Free-to-air TV excluding catch-up,50.31959292,0.5031959291585,580,293,0,QF4,Past 7 days,"Free-to-air TV excluding catch-up TV (e.g. ABC, SBS, Channels 7, 9, 10) + Recorded free-to-air TV content (recorded by you) (UP TO 2021)",Includes recorded free-to-air content up to 2021; compare recent years for consistent scope,How we watch and listen to content data tables.xlsx,QF4. Which of by PBI BANNER,X35
2022,35-44,3,Free-to-air TV excluding catch-up,50.29928475,0.5029928474724,558,267,0,QF4,Past 7 days,"Free-to-air TV excluding catch-up TV (e.g. ABC, SBS, Channels 7, 9, 10) + Recorded free-to-air TV content (recorded by you) (UP TO 2021)",Includes recorded free-to-air content up to 2021; compare recent years for consistent scope,How we watch and listen to content data tables.xlsx,QF4. Which of by PBI BANNER,Y35
2023,35-44,3,Free-to-air TV excluding catch-up,41.7878604,0.4178786039802,557,224,0,QF4,Past 7 days,"Free-to-air TV excluding catch-up TV (e.g. ABC, SBS, Channels 7, 9, 10) + Recorded free-to-air TV content (recorded by you) (UP TO 2021)",Includes recorded free-to-air content up to 2021; compare recent years for consistent scope,How we watch and listen to content data tables.xlsx,QF4. Which of by PBI BANNER,Z35
2024,35-44,3,Free-to-air TV excluding catch-up,30.23254637,0.3023254636835,670,213,0,QF4,Past 7 days,"Free-to-air TV excluding catch-up TV (e.g. ABC, SBS, Channels 7, 9, 10) + Recorded free-to-air TV content (recorded by you) (UP TO 2021)",Includes recorded free-to-air content up to 2021; compare recent years for consistent scope,How we watch and listen to content data tables.xlsx,QF4. Which of by PBI BANNER,AA35
2025,35-44,3,Free-to-air TV excluding catch-up,42.30513735,0.4230513735033,1265,546,0,QF4,Past 7 days,"Free-to-air TV excluding catch-up TV (e.g. ABC, SBS, Channels 7, 9, 10) + Recorded free-to-air TV content (recorded by you) (UP TO 2021)",Includes recorded free-to-air content up to 2021; compare recent years for consistent scope,How we watch and listen to content data tables.xlsx,QF4. Which of by PBI BANNER,AB35
2017,45-54,4,Free-to-air TV excluding catch-up,78.96728604,0.7896728603664,386,302,0,QF4,Past 7 days,"Free-to-air TV excluding catch-up TV (e.g. ABC, SBS, Channels 7, 9, 10) + Recorded free-to-air TV content (recorded by you) (UP TO 2021)",Includes recorded free-to-air content up to 2021; compare recent years for consistent scope,How we watch and listen to content data tables.xlsx,QF4. Which of by PBI BANNER,AC35
2018,45-54,4,Free-to-air TV excluding catch-up,71.46103746,0.7146103745736001,369,267,0,QF4,Past 7 days,"Free-to-air TV excluding catch-up TV (e.g. ABC, SBS, Channels 7, 9, 10) + Recorded free-to-air TV content (recorded by you) (UP TO 2021)",Includes recorded free-to-air content up to 2021; compare recent years for consistent scope,How we watch and listen to content data tables.xlsx,QF4. Which of by PBI BANNER,AD35
2019,45-54,4,Free-to-air TV excluding catch-up,68.07811579,0.6807811579004001,370,255,0,QF4,Past 7 days,"Free-to-air TV excluding catch-up TV (e.g. ABC, SBS, Channels 7, 9, 10) + Recorded free-to-air TV content (recorded by you) (UP TO 2021)",Includes recorded free-to-air content up to 2021; compare recent years for consistent scope,How we watch and listen to content data tables.xlsx,QF4. Which of by PBI BANNER,AE35
2020,45-54,4,Free-to-air TV excluding catch-up,64.93496208,0.6493496208105001,311,204,0,QF4,Past 7 days,"Free-to-air TV excluding catch-up TV (e.g. ABC, SBS, Channels 7, 9, 10) + Recorded free-to-air TV content (recorded by you) (UP TO 2021)",Includes recorded free-to-air content up to 2021; compare recent years for consistent scope,How we watch and listen to content data tables.xlsx,QF4. Which of by PBI BANNER,AF35
2021,45-54,4,Free-to-air TV excluding catch-up,58.93464133,0.5893464132564,580,351,0,QF4,Past 7 days,"Free-to-air TV excluding catch-up TV (e.g. ABC, SBS, Channels 7, 9, 10) + Recorded free-to-air TV content (recorded by you) (UP TO 2021)",Includes recorded free-to-air content up to 2021; compare recent years for consistent scope,How we watch and listen to content data tables.xlsx,QF4. Which of by PBI BANNER,AG35
2022,45-54,4,Free-to-air TV excluding catch-up,61.6946339,0.6169463390074,579,358,0,QF4,Past 7 days,"Free-to-air TV excluding catch-up TV (e.g. ABC, SBS, Channels 7, 9, 10) + Recorded free-to-air TV content (recorded by you) (UP TO 2021)",Includes recorded free-to-air content up to 2021; compare recent years for consistent scope,How we watch and listen to content data tables.xlsx,QF4. Which of by PBI BANNER,AH35
2023,45-54,4,Free-to-air TV excluding catch-up,58.94339911,0.5894339910777,605,361,0,QF4,Past 7 days,"Free-to-air TV excluding catch-up TV (e.g. ABC, SBS, Channels 7, 9, 10) + Recorded free-to-air TV content (recorded by you) (UP TO 2021)",Includes recorded free-to-air content up to 2021; compare recent years for consistent scope,How we watch and listen to content data tables.xlsx,QF4. Which of by PBI BANNER,AI35
2024,45-54,4,Free-to-air TV excluding catch-up,52.61335354,0.526133535372,615,332,0,QF4,Past 7 days,"Free-to-air TV excluding catch-up TV (e.g. ABC, SBS, Channels 7, 9, 10) + Recorded free-to-air TV content (recorded by you) (UP TO 2021)",Includes recorded free-to-air content up to 2021; compare recent years for consistent scope,How we watch and listen to content data tables.xlsx,QF4. Which of by PBI BANNER,AJ35
2025,45-54,4,Free-to-air TV excluding catch-up,54.7461507,0.5474615069955,977,560,0,QF4,Past 7 days,"Free-to-air TV excluding catch-up TV (e.g. ABC, SBS, Channels 7, 9, 10) + Recorded free-to-air TV content (recorded by you) (UP TO 2021)",Includes recorded free-to-air content up to 2021; compare recent years for consistent scope,How we watch and listen to content data tables.xlsx,QF4. Which of by PBI BANNER,AK35
2017,55-64,5,Free-to-air TV excluding catch-up,77.1873428,0.7718734279967001,500,400,0,QF4,Past 7 days,"Free-to-air TV excluding catch-up TV (e.g. ABC, SBS, Channels 7, 9, 10) + Recorded free-to-air TV content (recorded by you) (UP TO 2021)",Includes recorded free-to-air content up to 2021; compare recent years for consistent scope,How we watch and listen to content data tables.xlsx,QF4. Which of by PBI BANNER,AL35
2018,55-64,5,Free-to-air TV excluding catch-up,74.18869908,0.7418869908213,434,334,0,QF4,Past 7 days,"Free-to-air TV excluding catch-up TV (e.g. ABC, SBS, Channels 7, 9, 10) + Recorded free-to-air TV content (recorded by you) (UP TO 2021)",Includes recorded free-to-air content up to 2021; compare recent years for consistent scope,How we watch and listen to content data tables.xlsx,QF4. Which of by PBI BANNER,AM35
2019,55-64,5,Free-to-air TV excluding catch-up,76.10000993,0.76100009926,404,307,0,QF4,Past 7 days,"Free-to-air TV excluding catch-up TV (e.g. ABC, SBS, Channels 7, 9, 10) + Recorded free-to-air TV content (recorded by you) (UP TO 2021)",Includes recorded free-to-air content up to 2021; compare recent years for consistent scope,How we watch and listen to content data tables.xlsx,QF4. Which of by PBI BANNER,AN35
2020,55-64,5,Free-to-air TV excluding catch-up,75.75971392,0.757597139242,417,315,0,QF4,Past 7 days,"Free-to-air TV excluding catch-up TV (e.g. ABC, SBS, Channels 7, 9, 10) + Recorded free-to-air TV content (recorded by you) (UP TO 2021)",Includes recorded free-to-air content up to 2021; compare recent years for consistent scope,How we watch and listen to content data tables.xlsx,QF4. Which of by PBI BANNER,AO35
2021,55-64,5,Free-to-air TV excluding catch-up,66.35399013,0.6635399013107001,702,483,0,QF4,Past 7 days,"Free-to-air TV excluding catch-up TV (e.g. ABC, SBS, Channels 7, 9, 10) + Recorded free-to-air TV content (recorded by you) (UP TO 2021)",Includes recorded free-to-air content up to 2021; compare recent years for consistent scope,How we watch and listen to content data tables.xlsx,QF4. Which of by PBI BANNER,AP35
2022,55-64,5,Free-to-air TV excluding catch-up,76.10854157,0.7610854156899001,697,523,0,QF4,Past 7 days,"Free-to-air TV excluding catch-up TV (e.g. ABC, SBS, Channels 7, 9, 10) + Recorded free-to-air TV content (recorded by you) (UP TO 2021)",Includes recorded free-to-air content up to 2021; compare recent years for consistent scope,How we watch and listen to content data tables.xlsx,QF4. Which of by PBI BANNER,AQ35
2023,55-64,5,Free-to-air TV excluding catch-up,67.19648787,0.6719648787304,673,470,0,QF4,Past 7 days,"Free-to-air TV excluding catch-up TV (e.g. ABC, SBS, Channels 7, 9, 10) + Recorded free-to-air TV content (recorded by you) (UP TO 2021)",Includes recorded free-to-air content up to 2021; compare recent years for consistent scope,How we watch and listen to content data tables.xlsx,QF4. Which of by PBI BANNER,AR35
2024,55-64,5,Free-to-air TV excluding catch-up,66.84889471,0.6684889470543,615,396,0,QF4,Past 7 days,"Free-to-air TV excluding catch-up TV (e.g. ABC, SBS, Channels 7, 9, 10) + Recorded free-to-air TV content (recorded by you) (UP TO 2021)",Includes recorded free-to-air content up to 2021; compare recent years for consistent scope,How we watch and listen to content data tables.xlsx,QF4. Which of by PBI BANNER,AS35
2025,55-64,5,Free-to-air TV excluding catch-up,68.30494361,0.6830494360952,885,613,0,QF4,Past 7 days,"Free-to-air TV excluding catch-up TV (e.g. ABC, SBS, Channels 7, 9, 10) + Recorded free-to-air TV content (recorded by you) (UP TO 2021)",Includes recorded free-to-air content up to 2021; compare recent years for consistent scope,How we watch and listen to content data tables.xlsx,QF4. Which of by PBI BANNER,AT35
2017,65-74,6,Free-to-air TV excluding catch-up,81.33923983,0.8133923982519,437,355,0,QF4,Past 7 days,"Free-to-air TV excluding catch-up TV (e.g. ABC, SBS, Channels 7, 9, 10) + Recorded free-to-air TV content (recorded by you) (UP TO 2021)",Includes recorded free-to-air content up to 2021; compare recent years for consistent scope,How we watch and listen to content data tables.xlsx,QF4. Which of by PBI BANNER,AU35
2018,65-74,6,Free-to-air TV excluding catch-up,79.46225531,0.7946225530991,465,364,0,QF4,Past 7 days,"Free-to-air TV excluding catch-up TV (e.g. ABC, SBS, Channels 7, 9, 10) + Recorded free-to-air TV content (recorded by you) (UP TO 2021)",Includes recorded free-to-air content up to 2021; compare recent years for consistent scope,How we watch and listen to content data tables.xlsx,QF4. Which of by PBI BANNER,AV35
2019,65-74,6,Free-to-air TV excluding catch-up,77.68635773,0.776863577303,429,343,0,QF4,Past 7 days,"Free-to-air TV excluding catch-up TV (e.g. ABC, SBS, Channels 7, 9, 10) + Recorded free-to-air TV content (recorded by you) (UP TO 2021)",Includes recorded free-to-air content up to 2021; compare recent years for consistent scope,How we watch and listen to content data tables.xlsx,QF4. Which of by PBI BANNER,AW35
2020,65-74,6,Free-to-air TV excluding catch-up,75.34861681,0.7534861681376,412,317,0,QF4,Past 7 days,"Free-to-air TV excluding catch-up TV (e.g. ABC, SBS, Channels 7, 9, 10) + Recorded free-to-air TV content (recorded by you) (UP TO 2021)",Includes recorded free-to-air content up to 2021; compare recent years for consistent scope,How we watch and listen to content data tables.xlsx,QF4. Which of by PBI BANNER,AX35
2021,65-74,6,Free-to-air TV excluding catch-up,70.84978511,0.7084978511335,735,540,0,QF4,Past 7 days,"Free-to-air TV excluding catch-up TV (e.g. ABC, SBS, Channels 7, 9, 10) + Recorded free-to-air TV content (recorded by you) (UP TO 2021)",Includes recorded free-to-air content up to 2021; compare recent years for consistent scope,How we watch and listen to content data tables.xlsx,QF4. Which of by PBI BANNER,AY35
2022,65-74,6,Free-to-air TV excluding catch-up,79.12742125,0.7912742124665,799,629,0,QF4,Past 7 days,"Free-to-air TV excluding catch-up TV (e.g. ABC, SBS, Channels 7, 9, 10) + Recorded free-to-air TV content (recorded by you) (UP TO 2021)",Includes recorded free-to-air content up to 2021; compare recent years for consistent scope,How we watch and listen to content data tables.xlsx,QF4. Which of by PBI BANNER,AZ35
2023,65-74,6,Free-to-air TV excluding catch-up,76.75902859,0.767590285863,729,564,0,QF4,Past 7 days,"Free-to-air TV excluding catch-up TV (e.g. ABC, SBS, Channels 7, 9, 10) + Recorded free-to-air TV content (recorded by you) (UP TO 2021)",Includes recorded free-to-air content up to 2021; compare recent years for consistent scope,How we watch and listen to content data tables.xlsx,QF4. Which of by PBI BANNER,BA35
2024,65-74,6,Free-to-air TV excluding catch-up,72.09216465,0.7209216465045,608,438,0,QF4,Past 7 days,"Free-to-air TV excluding catch-up TV (e.g. ABC, SBS, Channels 7, 9, 10) + Recorded free-to-air TV content (recorded by you) (UP TO 2021)",Includes recorded free-to-air content up to 2021; compare recent years for consistent scope,How we watch and listen to content data tables.xlsx,QF4. Which of by PBI BANNER,BB35
2025,65-74,6,Free-to-air TV excluding catch-up,76.78541068,0.7678541068097999,879,658,0,QF4,Past 7 days,"Free-to-air TV excluding catch-up TV (e.g. ABC, SBS, Channels 7, 9, 10) + Recorded free-to-air TV content (recorded by you) (UP TO 2021)",Includes recorded free-to-air content up to 2021; compare recent years for consistent scope,How we watch and listen to content data tables.xlsx,QF4. Which of by PBI BANNER,BC35
2017,75+,7,Free-to-air TV excluding catch-up,80.38997254,0.8038997254273,204,175,0,QF4,Past 7 days,"Free-to-air TV excluding catch-up TV (e.g. ABC, SBS, Channels 7, 9, 10) + Recorded free-to-air TV content (recorded by you) (UP TO 2021)",Includes recorded free-to-air content up to 2021; compare recent years for consistent scope,How we watch and listen to content data tables.xlsx,QF4. Which of by PBI BANNER,BD35
2018,75+,7,Free-to-air TV excluding catch-up,69.04612388,0.6904612387791,207,157,0,QF4,Past 7 days,"Free-to-air TV excluding catch-up TV (e.g. ABC, SBS, Channels 7, 9, 10) + Recorded free-to-air TV content (recorded by you) (UP TO 2021)",Includes recorded free-to-air content up to 2021; compare recent years for consistent scope,How we watch and listen to content data tables.xlsx,QF4. Which of by PBI BANNER,BE35
2019,75+,7,Free-to-air TV excluding catch-up,86.94469171,0.8694469171015,215,174,0,QF4,Past 7 days,"Free-to-air TV excluding catch-up TV (e.g. ABC, SBS, Channels 7, 9, 10) + Recorded free-to-air TV content (recorded by you) (UP TO 2021)",Includes recorded free-to-air content up to 2021; compare recent years for consistent scope,How we watch and listen to content data tables.xlsx,QF4. Which of by PBI BANNER,BF35
2020,75+,7,Free-to-air TV excluding catch-up,82.14086906,0.8214086906275,194,155,0,QF4,Past 7 days,"Free-to-air TV excluding catch-up TV (e.g. ABC, SBS, Channels 7, 9, 10) + Recorded free-to-air TV content (recorded by you) (UP TO 2021)",Includes recorded free-to-air content up to 2021; compare recent years for consistent scope,How we watch and listen to content data tables.xlsx,QF4. Which of by PBI BANNER,BG35
2021,75+,7,Free-to-air TV excluding catch-up,76.64041242,0.7664041241903,361,282,0,QF4,Past 7 days,"Free-to-air TV excluding catch-up TV (e.g. ABC, SBS, Channels 7, 9, 10) + Recorded free-to-air TV content (recorded by you) (UP TO 2021)",Includes recorded free-to-air content up to 2021; compare recent years for consistent scope,How we watch and listen to content data tables.xlsx,QF4. Which of by PBI BANNER,BH35
2022,75+,7,Free-to-air TV excluding catch-up,84.22375083,0.8422375082837,408,343,0,QF4,Past 7 days,"Free-to-air TV excluding catch-up TV (e.g. ABC, SBS, Channels 7, 9, 10) + Recorded free-to-air TV content (recorded by you) (UP TO 2021)",Includes recorded free-to-air content up to 2021; compare recent years for consistent scope,How we watch and listen to content data tables.xlsx,QF4. Which of by PBI BANNER,BI35
2023,75+,7,Free-to-air TV excluding catch-up,86.90980135,0.8690980134827,375,322,0,QF4,Past 7 days,"Free-to-air TV excluding catch-up TV (e.g. ABC, SBS, Channels 7, 9, 10) + Recorded free-to-air TV content (recorded by you) (UP TO 2021)",Includes recorded free-to-air content up to 2021; compare recent years for consistent scope,How we watch and listen to content data tables.xlsx,QF4. Which of by PBI BANNER,BJ35
2024,75+,7,Free-to-air TV excluding catch-up,77.15596641,0.7715596641031,339,266,0,QF4,Past 7 days,"Free-to-air TV excluding catch-up TV (e.g. ABC, SBS, Channels 7, 9, 10) + Recorded free-to-air TV content (recorded by you) (UP TO 2021)",Includes recorded free-to-air content up to 2021; compare recent years for consistent scope,How we watch and listen to content data tables.xlsx,QF4. Which of by PBI BANNER,BK35
2025,75+,7,Free-to-air TV excluding catch-up,76.38615322,0.7638615321534,431,327,0,QF4,Past 7 days,"Free-to-air TV excluding catch-up TV (e.g. ABC, SBS, Channels 7, 9, 10) + Recorded free-to-air TV content (recorded by you) (UP TO 2021)",Includes recorded free-to-air content up to 2021; compare recent years for consistent scope,How we watch and listen to content data tables.xlsx,QF4. Which of by PBI BANNER,BL35
2017,18-24,1,Free-to-air catch-up and streaming,12.63203855,0.1263203854738,136,20,0,QF4,Past 7 days,"Free-to-air catch-up TV and streaming services (e.g. ABC iview, 9Now, 7Plus)",Check source questionnaire for historical changes,How we watch and listen to content data tables.xlsx,QF4. Which of by PBI BANNER,B42
2018,18-24,1,Free-to-air catch-up and streaming,10.84656831,0.1084656831181,108,11,0,QF4,Past 7 days,"Free-to-air catch-up TV and streaming services (e.g. ABC iview, 9Now, 7Plus)",Check source questionnaire for historical changes,How we watch and listen to content data tables.xlsx,QF4. Which of by PBI BANNER,C42
2019,18-24,1,Free-to-air catch-up and streaming,21.24277325,0.2124277325249,91,23,0,QF4,Past 7 days,"Free-to-air catch-up TV and streaming services (e.g. ABC iview, 9Now, 7Plus)",Check source questionnaire for historical changes,How we watch and listen to content data tables.xlsx,QF4. Which of by PBI BANNER,D42
2020,18-24,1,Free-to-air catch-up and streaming,25.47307938,0.2547307937723,81,22,0,QF4,Past 7 days,"Free-to-air catch-up TV and streaming services (e.g. ABC iview, 9Now, 7Plus)",Check source questionnaire for historical changes,How we watch and listen to content data tables.xlsx,QF4. Which of by PBI BANNER,E42
2021,18-24,1,Free-to-air catch-up and streaming,21.75572955,0.2175572955181,151,39,0,QF4,Past 7 days,"Free-to-air catch-up TV and streaming services (e.g. ABC iview, 9Now, 7Plus)",Check source questionnaire for historical changes,How we watch and listen to content data tables.xlsx,QF4. Which of by PBI BANNER,F42
2022,18-24,1,Free-to-air catch-up and streaming,23.32015799,0.2332015799198,140,33,0,QF4,Past 7 days,"Free-to-air catch-up TV and streaming services (e.g. ABC iview, 9Now, 7Plus)",Check source questionnaire for historical changes,How we watch and listen to content data tables.xlsx,QF4. Which of by PBI BANNER,G42
2023,18-24,1,Free-to-air catch-up and streaming,19.23505529,0.1923505528671,171,40,0,QF4,Past 7 days,"Free-to-air catch-up TV and streaming services (e.g. ABC iview, 9Now, 7Plus)",Check source questionnaire for historical changes,How we watch and listen to content data tables.xlsx,QF4. Which of by PBI BANNER,H42
2024,18-24,1,Free-to-air catch-up and streaming,13.23154184,0.1323154184381,194,29,0,QF4,Past 7 days,"Free-to-air catch-up TV and streaming services (e.g. ABC iview, 9Now, 7Plus)",Check source questionnaire for historical changes,How we watch and listen to content data tables.xlsx,QF4. Which of by PBI BANNER,I42
2025,18-24,1,Free-to-air catch-up and streaming,27.60010156,0.2760010155829,525,157,0,QF4,Past 7 days,"Free-to-air catch-up TV and streaming services (e.g. ABC iview, 9Now, 7Plus)",Check source questionnaire for historical changes,How we watch and listen to content data tables.xlsx,QF4. Which of by PBI BANNER,J42
2017,25-34,2,Free-to-air catch-up and streaming,19.93613333,0.1993613332804,292,58,0,QF4,Past 7 days,"Free-to-air catch-up TV and streaming services (e.g. ABC iview, 9Now, 7Plus)",Check source questionnaire for historical changes,How we watch and listen to content data tables.xlsx,QF4. Which of by PBI BANNER,K42
2018,25-34,2,Free-to-air catch-up and streaming,21.46218223,0.21462182227460003,251,54,0,QF4,Past 7 days,"Free-to-air catch-up TV and streaming services (e.g. ABC iview, 9Now, 7Plus)",Check source questionnaire for historical changes,How we watch and listen to content data tables.xlsx,QF4. Which of by PBI BANNER,L42
2019,25-34,2,Free-to-air catch-up and streaming,28.61286588,0.28612865884,254,76,0,QF4,Past 7 days,"Free-to-air catch-up TV and streaming services (e.g. ABC iview, 9Now, 7Plus)",Check source questionnaire for historical changes,How we watch and listen to content data tables.xlsx,QF4. Which of by PBI BANNER,M42
2020,25-34,2,Free-to-air catch-up and streaming,38.67972384,0.38679723839029995,265,94,0,QF4,Past 7 days,"Free-to-air catch-up TV and streaming services (e.g. ABC iview, 9Now, 7Plus)",Check source questionnaire for historical changes,How we watch and listen to content data tables.xlsx,QF4. Which of by PBI BANNER,N42
2021,25-34,2,Free-to-air catch-up and streaming,34.21678962,0.34216789618050003,474,178,0,QF4,Past 7 days,"Free-to-air catch-up TV and streaming services (e.g. ABC iview, 9Now, 7Plus)",Check source questionnaire for historical changes,How we watch and listen to content data tables.xlsx,QF4. Which of by PBI BANNER,O42
2022,25-34,2,Free-to-air catch-up and streaming,30.94379221,0.3094379220706,399,133,0,QF4,Past 7 days,"Free-to-air catch-up TV and streaming services (e.g. ABC iview, 9Now, 7Plus)",Check source questionnaire for historical changes,How we watch and listen to content data tables.xlsx,QF4. Which of by PBI BANNER,P42
2023,25-34,2,Free-to-air catch-up and streaming,35.11944676,0.351194467555,458,174,0,QF4,Past 7 days,"Free-to-air catch-up TV and streaming services (e.g. ABC iview, 9Now, 7Plus)",Check source questionnaire for historical changes,How we watch and listen to content data tables.xlsx,QF4. Which of by PBI BANNER,Q42
2024,25-34,2,Free-to-air catch-up and streaming,32.8124198,0.32812419797750003,487,164,0,QF4,Past 7 days,"Free-to-air catch-up TV and streaming services (e.g. ABC iview, 9Now, 7Plus)",Check source questionnaire for historical changes,How we watch and listen to content data tables.xlsx,QF4. Which of by PBI BANNER,R42
2025,25-34,2,Free-to-air catch-up and streaming,33.01392373,0.3301392373225,1024,361,0,QF4,Past 7 days,"Free-to-air catch-up TV and streaming services (e.g. ABC iview, 9Now, 7Plus)",Check source questionnaire for historical changes,How we watch and listen to content data tables.xlsx,QF4. Which of by PBI BANNER,S42
2017,35-44,3,Free-to-air catch-up and streaming,23.39030127,0.2339030127464,317,87,0,QF4,Past 7 days,"Free-to-air catch-up TV and streaming services (e.g. ABC iview, 9Now, 7Plus)",Check source questionnaire for historical changes,How we watch and listen to content data tables.xlsx,QF4. Which of by PBI BANNER,T42
2018,35-44,3,Free-to-air catch-up and streaming,22.94532349,0.22945323485549998,269,76,0,QF4,Past 7 days,"Free-to-air catch-up TV and streaming services (e.g. ABC iview, 9Now, 7Plus)",Check source questionnaire for historical changes,How we watch and listen to content data tables.xlsx,QF4. Which of by PBI BANNER,U42
2019,35-44,3,Free-to-air catch-up and streaming,38.64936659,0.3864936658954,299,133,0,QF4,Past 7 days,"Free-to-air catch-up TV and streaming services (e.g. ABC iview, 9Now, 7Plus)",Check source questionnaire for historical changes,How we watch and listen to content data tables.xlsx,QF4. Which of by PBI BANNER,V42
2020,35-44,3,Free-to-air catch-up and streaming,39.19229734,0.39192297344890004,308,136,0,QF4,Past 7 days,"Free-to-air catch-up TV and streaming services (e.g. ABC iview, 9Now, 7Plus)",Check source questionnaire for historical changes,How we watch and listen to content data tables.xlsx,QF4. Which of by PBI BANNER,W42
2021,35-44,3,Free-to-air catch-up and streaming,38.80444805,0.3880444805268,580,252,0,QF4,Past 7 days,"Free-to-air catch-up TV and streaming services (e.g. ABC iview, 9Now, 7Plus)",Check source questionnaire for historical changes,How we watch and listen to content data tables.xlsx,QF4. Which of by PBI BANNER,X42
2022,35-44,3,Free-to-air catch-up and streaming,36.77754305,0.36777543054859996,558,216,0,QF4,Past 7 days,"Free-to-air catch-up TV and streaming services (e.g. ABC iview, 9Now, 7Plus)",Check source questionnaire for historical changes,How we watch and listen to content data tables.xlsx,QF4. Which of by PBI BANNER,Y42
2023,35-44,3,Free-to-air catch-up and streaming,39.29762708,0.392976270827,557,250,0,QF4,Past 7 days,"Free-to-air catch-up TV and streaming services (e.g. ABC iview, 9Now, 7Plus)",Check source questionnaire for historical changes,How we watch and listen to content data tables.xlsx,QF4. Which of by PBI BANNER,Z42
2024,35-44,3,Free-to-air catch-up and streaming,40.93763748,0.409376374792,670,296,0,QF4,Past 7 days,"Free-to-air catch-up TV and streaming services (e.g. ABC iview, 9Now, 7Plus)",Check source questionnaire for historical changes,How we watch and listen to content data tables.xlsx,QF4. Which of by PBI BANNER,AA42
2025,35-44,3,Free-to-air catch-up and streaming,37.77806019,0.3777806018901,1265,528,0,QF4,Past 7 days,"Free-to-air catch-up TV and streaming services (e.g. ABC iview, 9Now, 7Plus)",Check source questionnaire for historical changes,How we watch and listen to content data tables.xlsx,QF4. Which of by PBI BANNER,AB42
2017,45-54,4,Free-to-air catch-up and streaming,23.41983298,0.2341983297885,386,105,0,QF4,Past 7 days,"Free-to-air catch-up TV and streaming services (e.g. ABC iview, 9Now, 7Plus)",Check source questionnaire for historical changes,How we watch and listen to content data tables.xlsx,QF4. Which of by PBI BANNER,AC42
2018,45-54,4,Free-to-air catch-up and streaming,30.26416664,0.30264166642429996,369,119,0,QF4,Past 7 days,"Free-to-air catch-up TV and streaming services (e.g. ABC iview, 9Now, 7Plus)",Check source questionnaire for historical changes,How we watch and listen to content data tables.xlsx,QF4. Which of by PBI BANNER,AD42
2019,45-54,4,Free-to-air catch-up and streaming,32.84268361,0.3284268361153,370,147,0,QF4,Past 7 days,"Free-to-air catch-up TV and streaming services (e.g. ABC iview, 9Now, 7Plus)",Check source questionnaire for historical changes,How we watch and listen to content data tables.xlsx,QF4. Which of by PBI BANNER,AE42
2020,45-54,4,Free-to-air catch-up and streaming,37.25452175,0.3725452174805,311,134,0,QF4,Past 7 days,"Free-to-air catch-up TV and streaming services (e.g. ABC iview, 9Now, 7Plus)",Check source questionnaire for historical changes,How we watch and listen to content data tables.xlsx,QF4. Which of by PBI BANNER,AF42
2021,45-54,4,Free-to-air catch-up and streaming,41.33880044,0.4133880043574,580,278,0,QF4,Past 7 days,"Free-to-air catch-up TV and streaming services (e.g. ABC iview, 9Now, 7Plus)",Check source questionnaire for historical changes,How we watch and listen to content data tables.xlsx,QF4. Which of by PBI BANNER,AG42
2022,45-54,4,Free-to-air catch-up and streaming,46.01416478,0.4601416477891,579,285,0,QF4,Past 7 days,"Free-to-air catch-up TV and streaming services (e.g. ABC iview, 9Now, 7Plus)",Check source questionnaire for historical changes,How we watch and listen to content data tables.xlsx,QF4. Which of by PBI BANNER,AH42
2023,45-54,4,Free-to-air catch-up and streaming,49.66199267,0.4966199267001,605,329,0,QF4,Past 7 days,"Free-to-air catch-up TV and streaming services (e.g. ABC iview, 9Now, 7Plus)",Check source questionnaire for historical changes,How we watch and listen to content data tables.xlsx,QF4. Which of by PBI BANNER,AI42
2024,45-54,4,Free-to-air catch-up and streaming,50.99302673,0.5099302672587,615,333,0,QF4,Past 7 days,"Free-to-air catch-up TV and streaming services (e.g. ABC iview, 9Now, 7Plus)",Check source questionnaire for historical changes,How we watch and listen to content data tables.xlsx,QF4. Which of by PBI BANNER,AJ42
2025,45-54,4,Free-to-air catch-up and streaming,48.25026182,0.4825026182016,977,492,0,QF4,Past 7 days,"Free-to-air catch-up TV and streaming services (e.g. ABC iview, 9Now, 7Plus)",Check source questionnaire for historical changes,How we watch and listen to content data tables.xlsx,QF4. Which of by PBI BANNER,AK42
2017,55-64,5,Free-to-air catch-up and streaming,17.57909765,0.17579097650160003,500,101,0,QF4,Past 7 days,"Free-to-air catch-up TV and streaming services (e.g. ABC iview, 9Now, 7Plus)",Check source questionnaire for historical changes,How we watch and listen to content data tables.xlsx,QF4. Which of by PBI BANNER,AL42
2018,55-64,5,Free-to-air catch-up and streaming,23.44092689,0.234409268883,434,118,0,QF4,Past 7 days,"Free-to-air catch-up TV and streaming services (e.g. ABC iview, 9Now, 7Plus)",Check source questionnaire for historical changes,How we watch and listen to content data tables.xlsx,QF4. Which of by PBI BANNER,AM42
2019,55-64,5,Free-to-air catch-up and streaming,35.20940542,0.3520940542042,404,165,0,QF4,Past 7 days,"Free-to-air catch-up TV and streaming services (e.g. ABC iview, 9Now, 7Plus)",Check source questionnaire for historical changes,How we watch and listen to content data tables.xlsx,QF4. Which of by PBI BANNER,AN42
2020,55-64,5,Free-to-air catch-up and streaming,42.1418731,0.4214187310013,417,191,0,QF4,Past 7 days,"Free-to-air catch-up TV and streaming services (e.g. ABC iview, 9Now, 7Plus)",Check source questionnaire for historical changes,How we watch and listen to content data tables.xlsx,QF4. Which of by PBI BANNER,AO42
2021,55-64,5,Free-to-air catch-up and streaming,44.55580203,0.44555802026560004,702,337,0,QF4,Past 7 days,"Free-to-air catch-up TV and streaming services (e.g. ABC iview, 9Now, 7Plus)",Check source questionnaire for historical changes,How we watch and listen to content data tables.xlsx,QF4. Which of by PBI BANNER,AP42
2022,55-64,5,Free-to-air catch-up and streaming,48.02211067,0.4802211067212,697,360,0,QF4,Past 7 days,"Free-to-air catch-up TV and streaming services (e.g. ABC iview, 9Now, 7Plus)",Check source questionnaire for historical changes,How we watch and listen to content data tables.xlsx,QF4. Which of by PBI BANNER,AQ42
2023,55-64,5,Free-to-air catch-up and streaming,56.60215268,0.5660215267625,673,382,0,QF4,Past 7 days,"Free-to-air catch-up TV and streaming services (e.g. ABC iview, 9Now, 7Plus)",Check source questionnaire for historical changes,How we watch and listen to content data tables.xlsx,QF4. Which of by PBI BANNER,AR42
2024,55-64,5,Free-to-air catch-up and streaming,52.90487684,0.5290487683746,615,349,0,QF4,Past 7 days,"Free-to-air catch-up TV and streaming services (e.g. ABC iview, 9Now, 7Plus)",Check source questionnaire for historical changes,How we watch and listen to content data tables.xlsx,QF4. Which of by PBI BANNER,AS42
2025,55-64,5,Free-to-air catch-up and streaming,56.80582689,0.5680582689194,885,513,0,QF4,Past 7 days,"Free-to-air catch-up TV and streaming services (e.g. ABC iview, 9Now, 7Plus)",Check source questionnaire for historical changes,How we watch and listen to content data tables.xlsx,QF4. Which of by PBI BANNER,AT42
2017,65-74,6,Free-to-air catch-up and streaming,10.0143535,0.10014353497989999,437,75,0,QF4,Past 7 days,"Free-to-air catch-up TV and streaming services (e.g. ABC iview, 9Now, 7Plus)",Check source questionnaire for historical changes,How we watch and listen to content data tables.xlsx,QF4. Which of by PBI BANNER,AU42
2018,65-74,6,Free-to-air catch-up and streaming,14.4011291,0.1440112910183,465,97,0,QF4,Past 7 days,"Free-to-air catch-up TV and streaming services (e.g. ABC iview, 9Now, 7Plus)",Check source questionnaire for historical changes,How we watch and listen to content data tables.xlsx,QF4. Which of by PBI BANNER,AV42
2019,65-74,6,Free-to-air catch-up and streaming,15.91528399,0.1591528398814,429,165,0,QF4,Past 7 days,"Free-to-air catch-up TV and streaming services (e.g. ABC iview, 9Now, 7Plus)",Check source questionnaire for historical changes,How we watch and listen to content data tables.xlsx,QF4. Which of by PBI BANNER,AW42
2020,65-74,6,Free-to-air catch-up and streaming,39.94304201,0.3994304201493,412,169,0,QF4,Past 7 days,"Free-to-air catch-up TV and streaming services (e.g. ABC iview, 9Now, 7Plus)",Check source questionnaire for historical changes,How we watch and listen to content data tables.xlsx,QF4. Which of by PBI BANNER,AX42
2021,65-74,6,Free-to-air catch-up and streaming,40.17507212,0.4017507211782,735,330,0,QF4,Past 7 days,"Free-to-air catch-up TV and streaming services (e.g. ABC iview, 9Now, 7Plus)",Check source questionnaire for historical changes,How we watch and listen to content data tables.xlsx,QF4. Which of by PBI BANNER,AY42
2022,65-74,6,Free-to-air catch-up and streaming,44.86104986,0.4486104985846,799,388,0,QF4,Past 7 days,"Free-to-air catch-up TV and streaming services (e.g. ABC iview, 9Now, 7Plus)",Check source questionnaire for historical changes,How we watch and listen to content data tables.xlsx,QF4. Which of by PBI BANNER,AZ42
2023,65-74,6,Free-to-air catch-up and streaming,54.2851546,0.5428515459626,729,426,0,QF4,Past 7 days,"Free-to-air catch-up TV and streaming services (e.g. ABC iview, 9Now, 7Plus)",Check source questionnaire for historical changes,How we watch and listen to content data tables.xlsx,QF4. Which of by PBI BANNER,BA42
2024,65-74,6,Free-to-air catch-up and streaming,60.46784656,0.6046784655646,608,383,0,QF4,Past 7 days,"Free-to-air catch-up TV and streaming services (e.g. ABC iview, 9Now, 7Plus)",Check source questionnaire for historical changes,How we watch and listen to content data tables.xlsx,QF4. Which of by PBI BANNER,BB42
2025,65-74,6,Free-to-air catch-up and streaming,61.25192614,0.6125192613941001,879,540,0,QF4,Past 7 days,"Free-to-air catch-up TV and streaming services (e.g. ABC iview, 9Now, 7Plus)",Check source questionnaire for historical changes,How we watch and listen to content data tables.xlsx,QF4. Which of by PBI BANNER,BC42
2017,75+,7,Free-to-air catch-up and streaming,6.90429095,0.06904290950758,204,18,0,QF4,Past 7 days,"Free-to-air catch-up TV and streaming services (e.g. ABC iview, 9Now, 7Plus)",Check source questionnaire for historical changes,How we watch and listen to content data tables.xlsx,QF4. Which of by PBI BANNER,BD42
2018,75+,7,Free-to-air catch-up and streaming,4.96905585,0.04969055851314,207,23,0,QF4,Past 7 days,"Free-to-air catch-up TV and streaming services (e.g. ABC iview, 9Now, 7Plus)",Check source questionnaire for historical changes,How we watch and listen to content data tables.xlsx,QF4. Which of by PBI BANNER,BE42
2019,75+,7,Free-to-air catch-up and streaming,11.70752635,0.11707526353860001,215,55,0,QF4,Past 7 days,"Free-to-air catch-up TV and streaming services (e.g. ABC iview, 9Now, 7Plus)",Check source questionnaire for historical changes,How we watch and listen to content data tables.xlsx,QF4. Which of by PBI BANNER,BF42
2020,75+,7,Free-to-air catch-up and streaming,24.33965129,0.2433965128964,194,63,0,QF4,Past 7 days,"Free-to-air catch-up TV and streaming services (e.g. ABC iview, 9Now, 7Plus)",Check source questionnaire for historical changes,How we watch and listen to content data tables.xlsx,QF4. Which of by PBI BANNER,BG42
2021,75+,7,Free-to-air catch-up and streaming,30.25437596,0.3025437595847,361,131,0,QF4,Past 7 days,"Free-to-air catch-up TV and streaming services (e.g. ABC iview, 9Now, 7Plus)",Check source questionnaire for historical changes,How we watch and listen to content data tables.xlsx,QF4. Which of by PBI BANNER,BH42
2022,75+,7,Free-to-air catch-up and streaming,34.44670575,0.3444670575203,408,148,0,QF4,Past 7 days,"Free-to-air catch-up TV and streaming services (e.g. ABC iview, 9Now, 7Plus)",Check source questionnaire for historical changes,How we watch and listen to content data tables.xlsx,QF4. Which of by PBI BANNER,BI42
2023,75+,7,Free-to-air catch-up and streaming,48.14282303,0.4814282302633,375,194,0,QF4,Past 7 days,"Free-to-air catch-up TV and streaming services (e.g. ABC iview, 9Now, 7Plus)",Check source questionnaire for historical changes,How we watch and listen to content data tables.xlsx,QF4. Which of by PBI BANNER,BJ42
2024,75+,7,Free-to-air catch-up and streaming,53.31104364,0.5331104364217,339,182,0,QF4,Past 7 days,"Free-to-air catch-up TV and streaming services (e.g. ABC iview, 9Now, 7Plus)",Check source questionnaire for historical changes,How we watch and listen to content data tables.xlsx,QF4. Which of by PBI BANNER,BK42
2025,75+,7,Free-to-air catch-up and streaming,52.22231034,0.5222231034351,431,235,0,QF4,Past 7 days,"Free-to-air catch-up TV and streaming services (e.g. ABC iview, 9Now, 7Plus)",Check source questionnaire for historical changes,How we watch and listen to content data tables.xlsx,QF4. Which of by PBI BANNER,BL42
2017,18-24,1,Pay TV,16.2260206,0.1622602059716,136,23,0,QF4,Past 7 days,Pay TV or other subscription TV channels (e.g. Foxtel),Check source questionnaire for historical changes,How we watch and listen to content data tables.xlsx,QF4. Which of by PBI BANNER,B49
2018,18-24,1,Pay TV,13.90655757,0.1390655756562,108,15,0,QF4,Past 7 days,Pay TV or other subscription TV channels (e.g. Foxtel),Check source questionnaire for historical changes,How we watch and listen to content data tables.xlsx,QF4. Which of by PBI BANNER,C49
2019,18-24,1,Pay TV,19.05141697,0.1905141696955,91,18,0,QF4,Past 7 days,Pay TV or other subscription TV channels (e.g. Foxtel),Check source questionnaire for historical changes,How we watch and listen to content data tables.xlsx,QF4. Which of by PBI BANNER,D49
2020,18-24,1,Pay TV,4.37640856,0.043764085555429995,81,5,0,QF4,Past 7 days,Pay TV or other subscription TV channels (e.g. Foxtel),Check source questionnaire for historical changes,How we watch and listen to content data tables.xlsx,QF4. Which of by PBI BANNER,E49
2021,18-24,1,Pay TV,10.60657147,0.1060657147309,151,15,0,QF4,Past 7 days,Pay TV or other subscription TV channels (e.g. Foxtel),Check source questionnaire for historical changes,How we watch and listen to content data tables.xlsx,QF4. Which of by PBI BANNER,F49
2022,18-24,1,Pay TV,7.03710139,0.07037101394468,140,11,0,QF4,Past 7 days,Pay TV or other subscription TV channels (e.g. Foxtel),Check source questionnaire for historical changes,How we watch and listen to content data tables.xlsx,QF4. Which of by PBI BANNER,G49
2023,18-24,1,Pay TV,4.43156361,0.04431563606176,171,9,0,QF4,Past 7 days,Pay TV or other subscription TV channels (e.g. Foxtel),Check source questionnaire for historical changes,How we watch and listen to content data tables.xlsx,QF4. Which of by PBI BANNER,H49
2024,18-24,1,Pay TV,5.81493332,0.05814933321044,194,13,0,QF4,Past 7 days,Pay TV or other subscription TV channels (e.g. Foxtel),Check source questionnaire for historical changes,How we watch and listen to content data tables.xlsx,QF4. Which of by PBI BANNER,I49
2025,18-24,1,Pay TV,10.4458768,0.1044587679628,525,54,0,QF4,Past 7 days,Pay TV or other subscription TV channels (e.g. Foxtel),Check source questionnaire for historical changes,How we watch and listen to content data tables.xlsx,QF4. Which of by PBI BANNER,J49
2017,25-34,2,Pay TV,16.9719473,0.16971947296349998,292,46,0,QF4,Past 7 days,Pay TV or other subscription TV channels (e.g. Foxtel),Check source questionnaire for historical changes,How we watch and listen to content data tables.xlsx,QF4. Which of by PBI BANNER,K49
2018,25-34,2,Pay TV,19.24854618,0.1924854618377,251,43,0,QF4,Past 7 days,Pay TV or other subscription TV channels (e.g. Foxtel),Check source questionnaire for historical changes,How we watch and listen to content data tables.xlsx,QF4. Which of by PBI BANNER,L49
2019,25-34,2,Pay TV,22.36971816,0.22369718163000002,254,52,0,QF4,Past 7 days,Pay TV or other subscription TV channels (e.g. Foxtel),Check source questionnaire for historical changes,How we watch and listen to content data tables.xlsx,QF4. Which of by PBI BANNER,M49
2020,25-34,2,Pay TV,12.63959502,0.1263959501783,265,30,0,QF4,Past 7 days,Pay TV or other subscription TV channels (e.g. Foxtel),Check source questionnaire for historical changes,How we watch and listen to content data tables.xlsx,QF4. Which of by PBI BANNER,N49
2021,25-34,2,Pay TV,11.09910601,0.1109910600607,474,55,0,QF4,Past 7 days,Pay TV or other subscription TV channels (e.g. Foxtel),Check source questionnaire for historical changes,How we watch and listen to content data tables.xlsx,QF4. Which of by PBI BANNER,O49
2022,25-34,2,Pay TV,16.38735402,0.1638735402114,399,60,0,QF4,Past 7 days,Pay TV or other subscription TV channels (e.g. Foxtel),Check source questionnaire for historical changes,How we watch and listen to content data tables.xlsx,QF4. Which of by PBI BANNER,P49
2023,25-34,2,Pay TV,11.04273133,0.11042731328029999,458,52,0,QF4,Past 7 days,Pay TV or other subscription TV channels (e.g. Foxtel),Check source questionnaire for historical changes,How we watch and listen to content data tables.xlsx,QF4. Which of by PBI BANNER,Q49
2024,25-34,2,Pay TV,12.48036634,0.1248036634452,487,64,0,QF4,Past 7 days,Pay TV or other subscription TV channels (e.g. Foxtel),Check source questionnaire for historical changes,How we watch and listen to content data tables.xlsx,QF4. Which of by PBI BANNER,R49
2025,25-34,2,Pay TV,11.83686627,0.1183686627293,1024,127,0,QF4,Past 7 days,Pay TV or other subscription TV channels (e.g. Foxtel),Check source questionnaire for historical changes,How we watch and listen to content data tables.xlsx,QF4. Which of by PBI BANNER,S49
2017,35-44,3,Pay TV,20.22369148,0.20223691479,317,62,0,QF4,Past 7 days,Pay TV or other subscription TV channels (e.g. Foxtel),Check source questionnaire for historical changes,How we watch and listen to content data tables.xlsx,QF4. Which of by PBI BANNER,T49
2018,35-44,3,Pay TV,21.66309785,0.2166309784784,269,55,0,QF4,Past 7 days,Pay TV or other subscription TV channels (e.g. Foxtel),Check source questionnaire for historical changes,How we watch and listen to content data tables.xlsx,QF4. Which of by PBI BANNER,U49
2019,35-44,3,Pay TV,29.80965488,0.29809654877610003,299,78,0,QF4,Past 7 days,Pay TV or other subscription TV channels (e.g. Foxtel),Check source questionnaire for historical changes,How we watch and listen to content data tables.xlsx,QF4. Which of by PBI BANNER,V49
2020,35-44,3,Pay TV,23.35945228,0.23359452282469997,308,50,0,QF4,Past 7 days,Pay TV or other subscription TV channels (e.g. Foxtel),Check source questionnaire for historical changes,How we watch and listen to content data tables.xlsx,QF4. Which of by PBI BANNER,W49
2021,35-44,3,Pay TV,19.34517352,0.1934517352308,580,107,0,QF4,Past 7 days,Pay TV or other subscription TV channels (e.g. Foxtel),Check source questionnaire for historical changes,How we watch and listen to content data tables.xlsx,QF4. Which of by PBI BANNER,X49
2022,35-44,3,Pay TV,18.49960871,0.18499608712770002,558,91,0,QF4,Past 7 days,Pay TV or other subscription TV channels (e.g. Foxtel),Check source questionnaire for historical changes,How we watch and listen to content data tables.xlsx,QF4. Which of by PBI BANNER,Y49
2023,35-44,3,Pay TV,17.64502702,0.17645027015109999,557,95,0,QF4,Past 7 days,Pay TV or other subscription TV channels (e.g. Foxtel),Check source questionnaire for historical changes,How we watch and listen to content data tables.xlsx,QF4. Which of by PBI BANNER,Z49
2024,35-44,3,Pay TV,14.43439029,0.144343902894,670,90,0,QF4,Past 7 days,Pay TV or other subscription TV channels (e.g. Foxtel),Check source questionnaire for historical changes,How we watch and listen to content data tables.xlsx,QF4. Which of by PBI BANNER,AA49
2025,35-44,3,Pay TV,13.09282596,0.1309282596413,1265,159,0,QF4,Past 7 days,Pay TV or other subscription TV channels (e.g. Foxtel),Check source questionnaire for historical changes,How we watch and listen to content data tables.xlsx,QF4. Which of by PBI BANNER,AB49
2017,45-54,4,Pay TV,29.11265878,0.2911265878076,386,105,0,QF4,Past 7 days,Pay TV or other subscription TV channels (e.g. Foxtel),Check source questionnaire for historical changes,How we watch and listen to content data tables.xlsx,QF4. Which of by PBI BANNER,AC49
2018,45-54,4,Pay TV,27.8901884,0.2789018840088,369,99,0,QF4,Past 7 days,Pay TV or other subscription TV channels (e.g. Foxtel),Check source questionnaire for historical changes,How we watch and listen to content data tables.xlsx,QF4. Which of by PBI BANNER,AD49
2019,45-54,4,Pay TV,22.76969931,0.22769699307020003,370,96,0,QF4,Past 7 days,Pay TV or other subscription TV channels (e.g. Foxtel),Check source questionnaire for historical changes,How we watch and listen to content data tables.xlsx,QF4. Which of by PBI BANNER,AE49
2020,45-54,4,Pay TV,22.32420861,0.2232420861216,311,69,0,QF4,Past 7 days,Pay TV or other subscription TV channels (e.g. Foxtel),Check source questionnaire for historical changes,How we watch and listen to content data tables.xlsx,QF4. Which of by PBI BANNER,AF49
2021,45-54,4,Pay TV,23.67446664,0.2367446664221,580,137,0,QF4,Past 7 days,Pay TV or other subscription TV channels (e.g. Foxtel),Check source questionnaire for historical changes,How we watch and listen to content data tables.xlsx,QF4. Which of by PBI BANNER,AG49
2022,45-54,4,Pay TV,26.23679854,0.26236798535239997,579,135,0,QF4,Past 7 days,Pay TV or other subscription TV channels (e.g. Foxtel),Check source questionnaire for historical changes,How we watch and listen to content data tables.xlsx,QF4. Which of by PBI BANNER,AH49
2023,45-54,4,Pay TV,22.13323979,0.22133239790200002,605,124,0,QF4,Past 7 days,Pay TV or other subscription TV channels (e.g. Foxtel),Check source questionnaire for historical changes,How we watch and listen to content data tables.xlsx,QF4. Which of by PBI BANNER,AI49
2024,45-54,4,Pay TV,17.88210679,0.17882106786360003,615,105,0,QF4,Past 7 days,Pay TV or other subscription TV channels (e.g. Foxtel),Check source questionnaire for historical changes,How we watch and listen to content data tables.xlsx,QF4. Which of by PBI BANNER,AJ49
2025,45-54,4,Pay TV,19.40775105,0.19407751046449997,977,158,0,QF4,Past 7 days,Pay TV or other subscription TV channels (e.g. Foxtel),Check source questionnaire for historical changes,How we watch and listen to content data tables.xlsx,QF4. Which of by PBI BANNER,AK49
2017,55-64,5,Pay TV,25.03090939,0.25030909392510003,500,122,0,QF4,Past 7 days,Pay TV or other subscription TV channels (e.g. Foxtel),Check source questionnaire for historical changes,How we watch and listen to content data tables.xlsx,QF4. Which of by PBI BANNER,AL49
2018,55-64,5,Pay TV,24.49413058,0.2449413057684,434,109,0,QF4,Past 7 days,Pay TV or other subscription TV channels (e.g. Foxtel),Check source questionnaire for historical changes,How we watch and listen to content data tables.xlsx,QF4. Which of by PBI BANNER,AM49
2019,55-64,5,Pay TV,24.17869458,0.2417869458125,404,96,0,QF4,Past 7 days,Pay TV or other subscription TV channels (e.g. Foxtel),Check source questionnaire for historical changes,How we watch and listen to content data tables.xlsx,QF4. Which of by PBI BANNER,AN49
2020,55-64,5,Pay TV,25.98974376,0.2598974375836,417,92,0,QF4,Past 7 days,Pay TV or other subscription TV channels (e.g. Foxtel),Check source questionnaire for historical changes,How we watch and listen to content data tables.xlsx,QF4. Which of by PBI BANNER,AO49
2021,55-64,5,Pay TV,28.08215469,0.28082154692460004,702,185,0,QF4,Past 7 days,Pay TV or other subscription TV channels (e.g. Foxtel),Check source questionnaire for historical changes,How we watch and listen to content data tables.xlsx,QF4. Which of by PBI BANNER,AP49
2022,55-64,5,Pay TV,29.74734139,0.29747341385070003,697,195,0,QF4,Past 7 days,Pay TV or other subscription TV channels (e.g. Foxtel),Check source questionnaire for historical changes,How we watch and listen to content data tables.xlsx,QF4. Which of by PBI BANNER,AQ49
2023,55-64,5,Pay TV,26.98029149,0.2698029149273,673,166,0,QF4,Past 7 days,Pay TV or other subscription TV channels (e.g. Foxtel),Check source questionnaire for historical changes,How we watch and listen to content data tables.xlsx,QF4. Which of by PBI BANNER,AR49
2024,55-64,5,Pay TV,26.57997842,0.2657997841593,615,141,0,QF4,Past 7 days,Pay TV or other subscription TV channels (e.g. Foxtel),Check source questionnaire for historical changes,How we watch and listen to content data tables.xlsx,QF4. Which of by PBI BANNER,AS49
2025,55-64,5,Pay TV,27.25014703,0.2725014703319,885,223,0,QF4,Past 7 days,Pay TV or other subscription TV channels (e.g. Foxtel),Check source questionnaire for historical changes,How we watch and listen to content data tables.xlsx,QF4. Which of by PBI BANNER,AT49
2017,65-74,6,Pay TV,25.66598303,0.2566598302625,437,114,0,QF4,Past 7 days,Pay TV or other subscription TV channels (e.g. Foxtel),Check source questionnaire for historical changes,How we watch and listen to content data tables.xlsx,QF4. Which of by PBI BANNER,AU49
2018,65-74,6,Pay TV,22.04392582,0.2204392581961,465,120,0,QF4,Past 7 days,Pay TV or other subscription TV channels (e.g. Foxtel),Check source questionnaire for historical changes,How we watch and listen to content data tables.xlsx,QF4. Which of by PBI BANNER,AV49
2019,65-74,6,Pay TV,17.58944948,0.1758944948194,429,90,0,QF4,Past 7 days,Pay TV or other subscription TV channels (e.g. Foxtel),Check source questionnaire for historical changes,How we watch and listen to content data tables.xlsx,QF4. Which of by PBI BANNER,AW49
2020,65-74,6,Pay TV,24.39099147,0.243909914749,412,91,0,QF4,Past 7 days,Pay TV or other subscription TV channels (e.g. Foxtel),Check source questionnaire for historical changes,How we watch and listen to content data tables.xlsx,QF4. Which of by PBI BANNER,AX49
2021,65-74,6,Pay TV,29.48089345,0.2948089345005,735,201,0,QF4,Past 7 days,Pay TV or other subscription TV channels (e.g. Foxtel),Check source questionnaire for historical changes,How we watch and listen to content data tables.xlsx,QF4. Which of by PBI BANNER,AY49
2022,65-74,6,Pay TV,32.32970167,0.323297016677,799,234,0,QF4,Past 7 days,Pay TV or other subscription TV channels (e.g. Foxtel),Check source questionnaire for historical changes,How we watch and listen to content data tables.xlsx,QF4. Which of by PBI BANNER,AZ49
2023,65-74,6,Pay TV,31.04296796,0.3104296796435,729,201,0,QF4,Past 7 days,Pay TV or other subscription TV channels (e.g. Foxtel),Check source questionnaire for historical changes,How we watch and listen to content data tables.xlsx,QF4. Which of by PBI BANNER,BA49
2024,65-74,6,Pay TV,23.87096712,0.238709671166,608,128,0,QF4,Past 7 days,Pay TV or other subscription TV channels (e.g. Foxtel),Check source questionnaire for historical changes,How we watch and listen to content data tables.xlsx,QF4. Which of by PBI BANNER,BB49
2025,65-74,6,Pay TV,23.74402481,0.2374402481482,879,196,0,QF4,Past 7 days,Pay TV or other subscription TV channels (e.g. Foxtel),Check source questionnaire for historical changes,How we watch and listen to content data tables.xlsx,QF4. Which of by PBI BANNER,BC49
2017,75+,7,Pay TV,21.792449,0.2179244899814,204,50,0,QF4,Past 7 days,Pay TV or other subscription TV channels (e.g. Foxtel),Check source questionnaire for historical changes,How we watch and listen to content data tables.xlsx,QF4. Which of by PBI BANNER,BD49
2018,75+,7,Pay TV,20.38060649,0.2038060649415,207,44,0,QF4,Past 7 days,Pay TV or other subscription TV channels (e.g. Foxtel),Check source questionnaire for historical changes,How we watch and listen to content data tables.xlsx,QF4. Which of by PBI BANNER,BE49
2019,75+,7,Pay TV,23.97772071,0.2397772071248,215,47,0,QF4,Past 7 days,Pay TV or other subscription TV channels (e.g. Foxtel),Check source questionnaire for historical changes,How we watch and listen to content data tables.xlsx,QF4. Which of by PBI BANNER,BF49
2020,75+,7,Pay TV,15.79358949,0.1579358948952,194,29,0,QF4,Past 7 days,Pay TV or other subscription TV channels (e.g. Foxtel),Check source questionnaire for historical changes,How we watch and listen to content data tables.xlsx,QF4. Which of by PBI BANNER,BG49
2021,75+,7,Pay TV,22.58847463,0.2258847462837,361,79,0,QF4,Past 7 days,Pay TV or other subscription TV channels (e.g. Foxtel),Check source questionnaire for historical changes,How we watch and listen to content data tables.xlsx,QF4. Which of by PBI BANNER,BH49
2022,75+,7,Pay TV,27.66573645,0.2766573644807,408,102,0,QF4,Past 7 days,Pay TV or other subscription TV channels (e.g. Foxtel),Check source questionnaire for historical changes,How we watch and listen to content data tables.xlsx,QF4. Which of by PBI BANNER,BI49
2023,75+,7,Pay TV,27.97553852,0.2797553851623,375,100,0,QF4,Past 7 days,Pay TV or other subscription TV channels (e.g. Foxtel),Check source questionnaire for historical changes,How we watch and listen to content data tables.xlsx,QF4. Which of by PBI BANNER,BJ49
2024,75+,7,Pay TV,30.28689122,0.3028689122493,339,94,0,QF4,Past 7 days,Pay TV or other subscription TV channels (e.g. Foxtel),Check source questionnaire for historical changes,How we watch and listen to content data tables.xlsx,QF4. Which of by PBI BANNER,BK49
2025,75+,7,Pay TV,23.37612961,0.23376129610340002,431,93,0,QF4,Past 7 days,Pay TV or other subscription TV channels (e.g. Foxtel),Check source questionnaire for historical changes,How we watch and listen to content data tables.xlsx,QF4. Which of by PBI BANNER,BL49
2017,18-24,1,Pay-per-view,0.52923811,0.005292381136663,136,1,0,QF4,Past 7 days,"Pay-per-view service to rent/buy movie/TV show or live events such as sporting matches (e.g. Prime video stores, Telstra TV Box Office)",Check source questionnaire for historical changes,How we watch and listen to content data tables.xlsx,QF4. Which of by PBI BANNER,B56
2018,18-24,1,Pay-per-view,1.59341094,0.01593410939649,108,3,0,QF4,Past 7 days,"Pay-per-view service to rent/buy movie/TV show or live events such as sporting matches (e.g. Prime video stores, Telstra TV Box Office)",Check source questionnaire for historical changes,How we watch and listen to content data tables.xlsx,QF4. Which of by PBI BANNER,C56
2019,18-24,1,Pay-per-view,2.88234715,0.02882347148195,91,3,0,QF4,Past 7 days,"Pay-per-view service to rent/buy movie/TV show or live events such as sporting matches (e.g. Prime video stores, Telstra TV Box Office)",Check source questionnaire for historical changes,How we watch and listen to content data tables.xlsx,QF4. Which of by PBI BANNER,D56
2020,18-24,1,Pay-per-view,1.86966268,0.01869662675369,81,2,0,QF4,Past 7 days,"Pay-per-view service to rent/buy movie/TV show or live events such as sporting matches (e.g. Prime video stores, Telstra TV Box Office)",Check source questionnaire for historical changes,How we watch and listen to content data tables.xlsx,QF4. Which of by PBI BANNER,E56
2021,18-24,1,Pay-per-view,8.85858091,0.08858580906692999,151,12,0,QF4,Past 7 days,"Pay-per-view service to rent/buy movie/TV show or live events such as sporting matches (e.g. Prime video stores, Telstra TV Box Office)",Check source questionnaire for historical changes,How we watch and listen to content data tables.xlsx,QF4. Which of by PBI BANNER,F56
2022,18-24,1,Pay-per-view,5.84413003,0.0584413003139,140,8,0,QF4,Past 7 days,"Pay-per-view service to rent/buy movie/TV show or live events such as sporting matches (e.g. Prime video stores, Telstra TV Box Office)",Check source questionnaire for historical changes,How we watch and listen to content data tables.xlsx,QF4. Which of by PBI BANNER,G56
2023,18-24,1,Pay-per-view,6.98421039,0.06984210388295,171,13,0,QF4,Past 7 days,"Pay-per-view service to rent/buy movie/TV show or live events such as sporting matches (e.g. Prime video stores, Telstra TV Box Office)",Check source questionnaire for historical changes,How we watch and listen to content data tables.xlsx,QF4. Which of by PBI BANNER,H56
2024,18-24,1,Pay-per-view,8.50387238,0.08503872377650999,194,16,0,QF4,Past 7 days,"Pay-per-view service to rent/buy movie/TV show or live events such as sporting matches (e.g. Prime video stores, Telstra TV Box Office)",Check source questionnaire for historical changes,How we watch and listen to content data tables.xlsx,QF4. Which of by PBI BANNER,I56
2025,18-24,1,Pay-per-view,7.52592358,0.07525923582005001,525,40,0,QF4,Past 7 days,"Pay-per-view service to rent/buy movie/TV show or live events such as sporting matches (e.g. Prime video stores, Telstra TV Box Office)",Check source questionnaire for historical changes,How we watch and listen to content data tables.xlsx,QF4. Which of by PBI BANNER,J56
2017,25-34,2,Pay-per-view,2.29543454,0.022954345413969998,292,9,0,QF4,Past 7 days,"Pay-per-view service to rent/buy movie/TV show or live events such as sporting matches (e.g. Prime video stores, Telstra TV Box Office)",Check source questionnaire for historical changes,How we watch and listen to content data tables.xlsx,QF4. Which of by PBI BANNER,K56
2018,25-34,2,Pay-per-view,7.17205779,0.07172057791847,251,15,0,QF4,Past 7 days,"Pay-per-view service to rent/buy movie/TV show or live events such as sporting matches (e.g. Prime video stores, Telstra TV Box Office)",Check source questionnaire for historical changes,How we watch and listen to content data tables.xlsx,QF4. Which of by PBI BANNER,L56
2019,25-34,2,Pay-per-view,8.70105316,0.08701053155794,254,23,0,QF4,Past 7 days,"Pay-per-view service to rent/buy movie/TV show or live events such as sporting matches (e.g. Prime video stores, Telstra TV Box Office)",Check source questionnaire for historical changes,How we watch and listen to content data tables.xlsx,QF4. Which of by PBI BANNER,M56
2020,25-34,2,Pay-per-view,5.31342498,0.05313424981354,265,12,0,QF4,Past 7 days,"Pay-per-view service to rent/buy movie/TV show or live events such as sporting matches (e.g. Prime video stores, Telstra TV Box Office)",Check source questionnaire for historical changes,How we watch and listen to content data tables.xlsx,QF4. Which of by PBI BANNER,N56
2021,25-34,2,Pay-per-view,9.59105999,0.09591059992945,474,38,0,QF4,Past 7 days,"Pay-per-view service to rent/buy movie/TV show or live events such as sporting matches (e.g. Prime video stores, Telstra TV Box Office)",Check source questionnaire for historical changes,How we watch and listen to content data tables.xlsx,QF4. Which of by PBI BANNER,O56
2022,25-34,2,Pay-per-view,5.62927221,0.0562927221078,399,20,0,QF4,Past 7 days,"Pay-per-view service to rent/buy movie/TV show or live events such as sporting matches (e.g. Prime video stores, Telstra TV Box Office)",Check source questionnaire for historical changes,How we watch and listen to content data tables.xlsx,QF4. Which of by PBI BANNER,P56
2023,25-34,2,Pay-per-view,8.46098571,0.08460985705593,458,35,0,QF4,Past 7 days,"Pay-per-view service to rent/buy movie/TV show or live events such as sporting matches (e.g. Prime video stores, Telstra TV Box Office)",Check source questionnaire for historical changes,How we watch and listen to content data tables.xlsx,QF4. Which of by PBI BANNER,Q56
2024,25-34,2,Pay-per-view,6.90004022,0.06900040217349,487,31,0,QF4,Past 7 days,"Pay-per-view service to rent/buy movie/TV show or live events such as sporting matches (e.g. Prime video stores, Telstra TV Box Office)",Check source questionnaire for historical changes,How we watch and listen to content data tables.xlsx,QF4. Which of by PBI BANNER,R56
2025,25-34,2,Pay-per-view,7.26314839,0.07263148391549999,1024,70,0,QF4,Past 7 days,"Pay-per-view service to rent/buy movie/TV show or live events such as sporting matches (e.g. Prime video stores, Telstra TV Box Office)",Check source questionnaire for historical changes,How we watch and listen to content data tables.xlsx,QF4. Which of by PBI BANNER,S56
2017,35-44,3,Pay-per-view,2.25528274,0.02255282743169,317,10,0,QF4,Past 7 days,"Pay-per-view service to rent/buy movie/TV show or live events such as sporting matches (e.g. Prime video stores, Telstra TV Box Office)",Check source questionnaire for historical changes,How we watch and listen to content data tables.xlsx,QF4. Which of by PBI BANNER,T56
2018,35-44,3,Pay-per-view,2.90314604,0.02903146039798,269,8,0,QF4,Past 7 days,"Pay-per-view service to rent/buy movie/TV show or live events such as sporting matches (e.g. Prime video stores, Telstra TV Box Office)",Check source questionnaire for historical changes,How we watch and listen to content data tables.xlsx,QF4. Which of by PBI BANNER,U56
2019,35-44,3,Pay-per-view,3.77681034,0.03776810336309,299,18,0,QF4,Past 7 days,"Pay-per-view service to rent/buy movie/TV show or live events such as sporting matches (e.g. Prime video stores, Telstra TV Box Office)",Check source questionnaire for historical changes,How we watch and listen to content data tables.xlsx,QF4. Which of by PBI BANNER,V56
2020,35-44,3,Pay-per-view,3.16401214,0.03164012144123,308,13,0,QF4,Past 7 days,"Pay-per-view service to rent/buy movie/TV show or live events such as sporting matches (e.g. Prime video stores, Telstra TV Box Office)",Check source questionnaire for historical changes,How we watch and listen to content data tables.xlsx,QF4. Which of by PBI BANNER,W56
2021,35-44,3,Pay-per-view,8.01680611,0.08016806111201999,580,47,0,QF4,Past 7 days,"Pay-per-view service to rent/buy movie/TV show or live events such as sporting matches (e.g. Prime video stores, Telstra TV Box Office)",Check source questionnaire for historical changes,How we watch and listen to content data tables.xlsx,QF4. Which of by PBI BANNER,X56
2022,35-44,3,Pay-per-view,7.52228545,0.0752228544941,558,42,0,QF4,Past 7 days,"Pay-per-view service to rent/buy movie/TV show or live events such as sporting matches (e.g. Prime video stores, Telstra TV Box Office)",Check source questionnaire for historical changes,How we watch and listen to content data tables.xlsx,QF4. Which of by PBI BANNER,Y56
2023,35-44,3,Pay-per-view,9.00669511,0.0900669511081,557,51,0,QF4,Past 7 days,"Pay-per-view service to rent/buy movie/TV show or live events such as sporting matches (e.g. Prime video stores, Telstra TV Box Office)",Check source questionnaire for historical changes,How we watch and listen to content data tables.xlsx,QF4. Which of by PBI BANNER,Z56
2024,35-44,3,Pay-per-view,7.8917074,0.07891707396863,670,56,0,QF4,Past 7 days,"Pay-per-view service to rent/buy movie/TV show or live events such as sporting matches (e.g. Prime video stores, Telstra TV Box Office)",Check source questionnaire for historical changes,How we watch and listen to content data tables.xlsx,QF4. Which of by PBI BANNER,AA56
2025,35-44,3,Pay-per-view,6.48223691,0.06482236909505,1265,87,0,QF4,Past 7 days,"Pay-per-view service to rent/buy movie/TV show or live events such as sporting matches (e.g. Prime video stores, Telstra TV Box Office)",Check source questionnaire for historical changes,How we watch and listen to content data tables.xlsx,QF4. Which of by PBI BANNER,AB56
2017,45-54,4,Pay-per-view,1.33797774,0.013379777401679999,386,7,0,QF4,Past 7 days,"Pay-per-view service to rent/buy movie/TV show or live events such as sporting matches (e.g. Prime video stores, Telstra TV Box Office)",Check source questionnaire for historical changes,How we watch and listen to content data tables.xlsx,QF4. Which of by PBI BANNER,AC56
2018,45-54,4,Pay-per-view,1.42150926,0.01421509258408,369,8,0,QF4,Past 7 days,"Pay-per-view service to rent/buy movie/TV show or live events such as sporting matches (e.g. Prime video stores, Telstra TV Box Office)",Check source questionnaire for historical changes,How we watch and listen to content data tables.xlsx,QF4. Which of by PBI BANNER,AD56
2019,45-54,4,Pay-per-view,2.19258664,0.021925866404039998,370,13,0,QF4,Past 7 days,"Pay-per-view service to rent/buy movie/TV show or live events such as sporting matches (e.g. Prime video stores, Telstra TV Box Office)",Check source questionnaire for historical changes,How we watch and listen to content data tables.xlsx,QF4. Which of by PBI BANNER,AE56
2020,45-54,4,Pay-per-view,3.71781191,0.037178119051010004,311,17,0,QF4,Past 7 days,"Pay-per-view service to rent/buy movie/TV show or live events such as sporting matches (e.g. Prime video stores, Telstra TV Box Office)",Check source questionnaire for historical changes,How we watch and listen to content data tables.xlsx,QF4. Which of by PBI BANNER,AF56
2021,45-54,4,Pay-per-view,8.02904233,0.0802904232647,580,50,0,QF4,Past 7 days,"Pay-per-view service to rent/buy movie/TV show or live events such as sporting matches (e.g. Prime video stores, Telstra TV Box Office)",Check source questionnaire for historical changes,How we watch and listen to content data tables.xlsx,QF4. Which of by PBI BANNER,AG56
2022,45-54,4,Pay-per-view,7.72456469,0.07724564693617,579,47,0,QF4,Past 7 days,"Pay-per-view service to rent/buy movie/TV show or live events such as sporting matches (e.g. Prime video stores, Telstra TV Box Office)",Check source questionnaire for historical changes,How we watch and listen to content data tables.xlsx,QF4. Which of by PBI BANNER,AH56
2023,45-54,4,Pay-per-view,6.71282928,0.06712829281103999,605,50,0,QF4,Past 7 days,"Pay-per-view service to rent/buy movie/TV show or live events such as sporting matches (e.g. Prime video stores, Telstra TV Box Office)",Check source questionnaire for historical changes,How we watch and listen to content data tables.xlsx,QF4. Which of by PBI BANNER,AI56
2024,45-54,4,Pay-per-view,10.71555084,0.10715550842009999,615,56,0,QF4,Past 7 days,"Pay-per-view service to rent/buy movie/TV show or live events such as sporting matches (e.g. Prime video stores, Telstra TV Box Office)",Check source questionnaire for historical changes,How we watch and listen to content data tables.xlsx,QF4. Which of by PBI BANNER,AJ56
2025,45-54,4,Pay-per-view,5.82240588,0.05822405884207,977,52,0,QF4,Past 7 days,"Pay-per-view service to rent/buy movie/TV show or live events such as sporting matches (e.g. Prime video stores, Telstra TV Box Office)",Check source questionnaire for historical changes,How we watch and listen to content data tables.xlsx,QF4. Which of by PBI BANNER,AK56
2017,55-64,5,Pay-per-view,0.59253264,0.005925326362989,500,4,0,QF4,Past 7 days,"Pay-per-view service to rent/buy movie/TV show or live events such as sporting matches (e.g. Prime video stores, Telstra TV Box Office)",Check source questionnaire for historical changes,How we watch and listen to content data tables.xlsx,QF4. Which of by PBI BANNER,AL56
2018,55-64,5,Pay-per-view,1.02590558,0.01025905576305,434,4,0,QF4,Past 7 days,"Pay-per-view service to rent/buy movie/TV show or live events such as sporting matches (e.g. Prime video stores, Telstra TV Box Office)",Check source questionnaire for historical changes,How we watch and listen to content data tables.xlsx,QF4. Which of by PBI BANNER,AM56
2019,55-64,5,Pay-per-view,0.87700087,0.008770008658515,404,8,0,QF4,Past 7 days,"Pay-per-view service to rent/buy movie/TV show or live events such as sporting matches (e.g. Prime video stores, Telstra TV Box Office)",Check source questionnaire for historical changes,How we watch and listen to content data tables.xlsx,QF4. Which of by PBI BANNER,AN56
2020,55-64,5,Pay-per-view,1.71286698,0.01712866981683,417,8,0,QF4,Past 7 days,"Pay-per-view service to rent/buy movie/TV show or live events such as sporting matches (e.g. Prime video stores, Telstra TV Box Office)",Check source questionnaire for historical changes,How we watch and listen to content data tables.xlsx,QF4. Which of by PBI BANNER,AO56
2021,55-64,5,Pay-per-view,4.6674628,0.04667462801931,702,34,0,QF4,Past 7 days,"Pay-per-view service to rent/buy movie/TV show or live events such as sporting matches (e.g. Prime video stores, Telstra TV Box Office)",Check source questionnaire for historical changes,How we watch and listen to content data tables.xlsx,QF4. Which of by PBI BANNER,AP56
2022,55-64,5,Pay-per-view,8.56935192,0.08569351922007,697,57,0,QF4,Past 7 days,"Pay-per-view service to rent/buy movie/TV show or live events such as sporting matches (e.g. Prime video stores, Telstra TV Box Office)",Check source questionnaire for historical changes,How we watch and listen to content data tables.xlsx,QF4. Which of by PBI BANNER,AQ56
2023,55-64,5,Pay-per-view,8.74019079,0.08740190786168,673,56,0,QF4,Past 7 days,"Pay-per-view service to rent/buy movie/TV show or live events such as sporting matches (e.g. Prime video stores, Telstra TV Box Office)",Check source questionnaire for historical changes,How we watch and listen to content data tables.xlsx,QF4. Which of by PBI BANNER,AR56
2024,55-64,5,Pay-per-view,4.48412599,0.044841259936100004,615,30,0,QF4,Past 7 days,"Pay-per-view service to rent/buy movie/TV show or live events such as sporting matches (e.g. Prime video stores, Telstra TV Box Office)",Check source questionnaire for historical changes,How we watch and listen to content data tables.xlsx,QF4. Which of by PBI BANNER,AS56
2025,55-64,5,Pay-per-view,4.8490839,0.04849083901253,885,40,0,QF4,Past 7 days,"Pay-per-view service to rent/buy movie/TV show or live events such as sporting matches (e.g. Prime video stores, Telstra TV Box Office)",Check source questionnaire for historical changes,How we watch and listen to content data tables.xlsx,QF4. Which of by PBI BANNER,AT56
2017,65-74,6,Pay-per-view,0.57029585,0.0057029584767319995,437,4,0,QF4,Past 7 days,"Pay-per-view service to rent/buy movie/TV show or live events such as sporting matches (e.g. Prime video stores, Telstra TV Box Office)",Check source questionnaire for historical changes,How we watch and listen to content data tables.xlsx,QF4. Which of by PBI BANNER,AU56
2018,65-74,6,Pay-per-view,0.20002577,0.002000257664674,465,2,0,QF4,Past 7 days,"Pay-per-view service to rent/buy movie/TV show or live events such as sporting matches (e.g. Prime video stores, Telstra TV Box Office)",Check source questionnaire for historical changes,How we watch and listen to content data tables.xlsx,QF4. Which of by PBI BANNER,AV56
2019,65-74,6,Pay-per-view,1.3690223,0.01369022302824,429,5,0,QF4,Past 7 days,"Pay-per-view service to rent/buy movie/TV show or live events such as sporting matches (e.g. Prime video stores, Telstra TV Box Office)",Check source questionnaire for historical changes,How we watch and listen to content data tables.xlsx,QF4. Which of by PBI BANNER,AW56
2020,65-74,6,Pay-per-view,1.02133609,0.01021336089764,412,4,0,QF4,Past 7 days,"Pay-per-view service to rent/buy movie/TV show or live events such as sporting matches (e.g. Prime video stores, Telstra TV Box Office)",Check source questionnaire for historical changes,How we watch and listen to content data tables.xlsx,QF4. Which of by PBI BANNER,AX56
2021,65-74,6,Pay-per-view,2.67553937,0.02675539367674,735,34,0,QF4,Past 7 days,"Pay-per-view service to rent/buy movie/TV show or live events such as sporting matches (e.g. Prime video stores, Telstra TV Box Office)",Check source questionnaire for historical changes,How we watch and listen to content data tables.xlsx,QF4. Which of by PBI BANNER,AY56
2022,65-74,6,Pay-per-view,3.74271443,0.03742714429708,799,35,0,QF4,Past 7 days,"Pay-per-view service to rent/buy movie/TV show or live events such as sporting matches (e.g. Prime video stores, Telstra TV Box Office)",Check source questionnaire for historical changes,How we watch and listen to content data tables.xlsx,QF4. Which of by PBI BANNER,AZ56
2023,65-74,6,Pay-per-view,4.34763639,0.04347636389086999,729,33,0,QF4,Past 7 days,"Pay-per-view service to rent/buy movie/TV show or live events such as sporting matches (e.g. Prime video stores, Telstra TV Box Office)",Check source questionnaire for historical changes,How we watch and listen to content data tables.xlsx,QF4. Which of by PBI BANNER,BA56
2024,65-74,6,Pay-per-view,4.56242994,0.04562429935161,608,26,0,QF4,Past 7 days,"Pay-per-view service to rent/buy movie/TV show or live events such as sporting matches (e.g. Prime video stores, Telstra TV Box Office)",Check source questionnaire for historical changes,How we watch and listen to content data tables.xlsx,QF4. Which of by PBI BANNER,BB56
2025,65-74,6,Pay-per-view,3.44632354,0.03446323537697,879,27,0,QF4,Past 7 days,"Pay-per-view service to rent/buy movie/TV show or live events such as sporting matches (e.g. Prime video stores, Telstra TV Box Office)",Check source questionnaire for historical changes,How we watch and listen to content data tables.xlsx,QF4. Which of by PBI BANNER,BC56
2017,75+,7,Pay-per-view,0.13681612,0.001368161196528,204,1,0,QF4,Past 7 days,"Pay-per-view service to rent/buy movie/TV show or live events such as sporting matches (e.g. Prime video stores, Telstra TV Box Office)",Check source questionnaire for historical changes,How we watch and listen to content data tables.xlsx,QF4. Which of by PBI BANNER,BD56
2018,75+,7,Pay-per-view,0,0,207,0,0,QF4,Past 7 days,"Pay-per-view service to rent/buy movie/TV show or live events such as sporting matches (e.g. Prime video stores, Telstra TV Box Office)",Check source questionnaire for historical changes,How we watch and listen to content data tables.xlsx,QF4. Which of by PBI BANNER,BE56
2019,75+,7,Pay-per-view,0.04967063,0.0004967063172116,215,1,0,QF4,Past 7 days,"Pay-per-view service to rent/buy movie/TV show or live events such as sporting matches (e.g. Prime video stores, Telstra TV Box Office)",Check source questionnaire for historical changes,How we watch and listen to content data tables.xlsx,QF4. Which of by PBI BANNER,BF56
2020,75+,7,Pay-per-view,0.88204642,0.0088204642015,194,2,0,QF4,Past 7 days,"Pay-per-view service to rent/buy movie/TV show or live events such as sporting matches (e.g. Prime video stores, Telstra TV Box Office)",Check source questionnaire for historical changes,How we watch and listen to content data tables.xlsx,QF4. Which of by PBI BANNER,BG56
2021,75+,7,Pay-per-view,1.47787183,0.01477871825849,361,6,0,QF4,Past 7 days,"Pay-per-view service to rent/buy movie/TV show or live events such as sporting matches (e.g. Prime video stores, Telstra TV Box Office)",Check source questionnaire for historical changes,How we watch and listen to content data tables.xlsx,QF4. Which of by PBI BANNER,BH56
2022,75+,7,Pay-per-view,1.85881147,0.01858811468042,408,6,0,QF4,Past 7 days,"Pay-per-view service to rent/buy movie/TV show or live events such as sporting matches (e.g. Prime video stores, Telstra TV Box Office)",Check source questionnaire for historical changes,How we watch and listen to content data tables.xlsx,QF4. Which of by PBI BANNER,BI56
2023,75+,7,Pay-per-view,1.98057162,0.01980571622862,375,11,0,QF4,Past 7 days,"Pay-per-view service to rent/buy movie/TV show or live events such as sporting matches (e.g. Prime video stores, Telstra TV Box Office)",Check source questionnaire for historical changes,How we watch and listen to content data tables.xlsx,QF4. Which of by PBI BANNER,BJ56
2024,75+,7,Pay-per-view,2.5200897,0.02520089703466,339,11,0,QF4,Past 7 days,"Pay-per-view service to rent/buy movie/TV show or live events such as sporting matches (e.g. Prime video stores, Telstra TV Box Office)",Check source questionnaire for historical changes,How we watch and listen to content data tables.xlsx,QF4. Which of by PBI BANNER,BK56
2025,75+,7,Pay-per-view,3.63377022,0.03633770224211,431,12,0,QF4,Past 7 days,"Pay-per-view service to rent/buy movie/TV show or live events such as sporting matches (e.g. Prime video stores, Telstra TV Box Office)",Check source questionnaire for historical changes,How we watch and listen to content data tables.xlsx,QF4. Which of by PBI BANNER,BL56
